,100,200,300,400,500,600,700,800
0,6056.484640778726,6034.479944607031,5781.5169840436365,5605.99038209494,5712.294217820511,5738.211763391534,5610.019133944982,5167.028286567988
1,5855.505541505151,5834.47150942338,5534.002866844808,5504.740839622014,5425.2201470199525,5439.815617806873,5484.515991323481,4950.29415751635
2,5625.239595831159,5563.083969475385,5208.66821344739,5299.456731642299,5097.900496884634,5252.322843946976,5169.926188233114,4832.291853351636
3,5435.129234080386,5305.160626787631,5032.541396444653,5206.523888661572,5063.59356971049,5137.005019820358,5067.242402434274,4759.758120174064
4,5275.076397170519,5160.555777498711,4940.434023184984,5139.249166629905,4937.349034588177,4954.896301267771,4923.3009521153435,4666.50058631637
5,5312.061268447687,4938.65392483313,4868.803669904258,5072.79466969464,4868.130349550355,4880.845815596208,4720.509624521922,4635.187061936485
6,5199.966461142283,4902.093178067171,4791.852471281869,5048.628521484027,4752.458307073563,4780.993295019509,4689.841041601105,4591.555533006951
7,5097.84477776782,4832.953916630116,4742.7654198092005,4979.117678134473,4711.650338654592,4752.507933251336,4601.958649015077,4496.1896821884675
8,5094.877500238751,4780.114071632688,4731.107949558442,4837.599211931117,4594.359775325729,4701.146600578958,4540.005650380116,4454.2818592218655
9,5013.54392177724,4774.2397926849335,4672.9121333327885,4824.936454783868,4534.0295022578075,4619.195207343647,4502.977174004967,4385.207208782657
10,4871.880589296391,4695.678110598498,4665.776097929921,4777.532357214479,4515.072291633202,4596.772537732128,4416.867265931169,4363.54088514925
11,4838.05402098258,4696.709500110935,4658.51091671316,4738.107461939042,4510.073678389452,4515.868263209563,4395.599139375971,4341.031195638011
12,4846.125219505666,4685.584906592285,4578.3530370271465,4683.374981814708,4491.427666574069,4528.613953216167,4395.599139375971,4316.91252097489
13,4806.244435218386,4641.413850026064,4540.421839311884,4640.134799266321,4453.618967820612,4491.5741414353715,4390.632028673519,4316.91252097489
14,4806.244435218386,4613.112137925313,4523.928496762113,4624.456255075171,4461.53501481828,4465.045575856938,4350.95090496673,4291.373189086165
15,4739.12405430419,4565.8097438391915,4536.398131198369,4564.007113612574,4444.918240992302,4462.404346587392,4329.119911251846,4276.643496560076
16,4708.069359951696,4482.33271537539,4537.182643810994,4583.930405394895,4396.111595844505,4440.298469693492,4322.666628576799,4270.458068555899
17,4552.639572302242,4441.982071647227,4476.922392099136,4560.4943265595675,4384.336968934518,4440.298469693492,4311.916014220869,4244.130444845554
18,4552.639572302242,4440.517382727299,4481.2205405954355,4529.529887356328,4362.975638371321,4430.294158892596,4306.24645372702,4244.130444845554
19,4591.720039747229,4456.135774752918,4466.238845852942,4498.961506749729,4354.818629283598,4408.779346908512,4283.500015152463,4235.056220969525
20,4535.953967034674,4448.456087307096,4467.559935176949,4498.5280103480945,4333.9179649175185,4394.407686956889,4246.187266416503,4232.117682058592
21,4552.639572302242,4448.393916289979,4451.147076627977,4432.525610550352,4315.687575874215,4379.636288476265,4216.481435631746,4225.084094170978
22,4521.048483806517,4403.363551599714,4408.923355337393,4426.461830256355,4294.978675525148,4357.847245304713,4213.663521282142,4221.339330657648
23,4543.2828897652025,4376.808220764343,4408.923355337393,4394.301198122801,4288.242957160126,4357.847245304713,4201.376361256332,4209.682366284294
24,4572.188241172733,4376.808220764343,4341.911138991614,4394.301198122801,4288.242957160126,4335.246339580387,4189.375421586227,4208.764287485315
25,4535.887901547903,4310.715352666555,4320.117008504279,4364.282473200793,4289.885734708509,4335.246339580387,4183.477393964756,4205.645952915323
26,4508.89650426852,4353.027209521367,4385.877073334117,4364.282473200793,4284.756592244621,4331.489233505326,4177.307942506447,4204.82202916951
27,4548.376458229683,4353.027209521367,4345.982412469266,4339.219717179873,4276.0675399814845,4328.673012466615,4178.88807955973,4201.703694599517
28,4560.5295111238365,4325.302746541393,4353.177276158656,4339.219717179873,4270.2900575935155,4318.992997684908,4173.2336675966635,4197.384064570115
29,4564.215477336147,4325.302746541393,4340.239020707027,4294.150453095508,4262.600528802291,4315.662722204013,4162.003671843444,4192.907189095672
30,4534.2458565253155,4326.232695424304,4328.950570963083,4306.953216033927,4227.641723647592,4297.817243025729,4151.836679740356,4190.049197700213
31,4502.430387089942,4324.401390766739,4319.776800133912,4306.953216033927,4227.641723647592,4300.126991490815,4145.459040771614,4185.502230011911
32,4504.631990115472,4323.074400438921,4304.538920636782,4301.411052966238,4227.379148096518,4278.37151860408,4147.624365098252,4178.493953429071
33,4465.6067152049045,4313.857751612955,4266.8362112527475,4274.0167287902095,4224.833675209649,4275.034470013476,4145.579688513628,4172.328034577093
34,4457.894245809065,4313.857751612955,4275.943460294909,4296.684361221338,4224.833675209649,4263.873157516827,4145.579688513628,4172.328034577093
35,4484.396433839586,4326.497303757093,4275.594608454794,4297.376209784579,4224.833675209649,4254.649242788511,4142.521324071779,4171.566657841144
36,4438.847772262038,4311.257625247732,4275.594608454794,4272.041631551684,4224.833675209649,4254.649242788511,4143.104585141228,4168.307145933061
37,4438.847772262038,4330.268620076588,4273.811877745608,4272.041631551684,4217.073878202317,4254.649242788511,4142.521324071779,4160.394463201105
38,4437.825147546095,4330.268620076588,4260.7005648868435,4272.041631551684,4217.073878202317,4254.207202377393,4138.843921278736,4158.069813746864
39,4437.825147546095,4330.268620076588,4254.724643684434,4272.041631551684,4210.7870997957925,4244.8727927930795,4136.7495978009365,4159.864274773271
40,4381.498454510552,4330.268620076588,4254.364612044733,4272.041631551684,4210.7870997957925,4239.402712561059,4127.4446131991535,4157.0614910658105
41,4458.6732832976695,4295.080183129645,4261.0704758651655,4272.041631551684,4204.752960766258,4238.161926224204,4125.318980086345,4154.868154140629
42,4444.973784717965,4328.842750218643,4269.258003361614,4271.356901460222,4204.752960766258,4231.367007074784,4122.164592930919,4154.440454176325
43,4411.268946674296,4318.946863956932,4231.7859277797015,4271.356901460222,4204.752960766258,4228.953906235221,4122.164592930919,4154.333445411314
44,4410.544486085818,4338.666698109678,4237.38042731256,4248.032629489688,4203.326747992821,4211.351886008453,4122.123524170305,4152.220383311148
45,4417.04246008346,4251.890912328373,4235.883333237136,4248.032629489688,4200.973504297756,4207.7652414150325,4118.108896696168,4147.104369492912
46,4377.366141163608,4221.610133455608,4231.196064311629,4244.037086476866,4194.762337519664,4205.125620217944,4111.108431821707,4144.198442898428
47,4427.940886237135,4221.610133455608,4235.883333237136,4234.345685041588,4190.720742825959,4202.47101629657,4109.2745197296845,4144.198442898428
48,4399.265626230837,4220.1019573730455,4224.051820520922,4240.237234110899,4190.720742825959,4202.602386258926,4103.38312725696,4129.440325893231
49,4415.408506925539,4220.1019573730455,4210.6250291317665,4202.474049553517,4189.2436636773655,4202.602386258926,4103.38312725696,4127.5221549756625
50,4489.77674660853,4215.9903538613125,4210.6250291317665,4222.505696005981,4183.4949934695105,4191.6941837365675,4099.094606201245,4127.5221549756625
51,4454.315264559697,4215.9903538613125,4208.65915313525,4210.230429970081,4177.11306446021,4182.437932816915,4087.3823588359146,4125.174121726398
52,4453.007774002098,4215.9903538613125,4206.299723162731,4210.230429970081,4177.11306446021,4174.878006730382,4087.3823588359146,4125.174121726398
53,4383.603490446747,4215.9903538613125,4202.620474447236,4199.249061425062,4177.11306446021,4176.197729414916,4072.4644072686306,4124.242811140217
54,4445.938351677272,4211.708518383757,4203.584297170459,4207.440710054254,4176.8538145895955,4158.072591638949,4072.4644072686306,4119.391143080605
55,4449.4195631846005,4226.824785418389,4208.509445590585,4200.926585506405,4173.3645664967735,4153.924265519899,4058.99502141328,4119.391143080605
56,4495.589568030223,4211.688985238239,4224.317318104127,4186.123755037791,4177.11306446021,4153.924265519899,4060.7521599033003,4119.391143080605
57,4513.08871199927,4247.0052949044175,4208.462322462195,4186.019982360407,4165.905135797601,4150.591048855845,4058.99502141328,4116.765306446809
58,4455.77868870398,4224.2318038859685,4208.462322462195,4178.441970226861,4165.905135797601,4150.547313036728,4050.913070019673,4116.712628431214
59,4514.444123463093,4237.622266783265,4208.462322462195,4178.425177010746,4165.905135797601,4147.871436832351,4043.434422457172,4114.536361648725
60,4514.444123463093,4224.2318038859685,4193.545076966898,4175.663448647621,4164.230937630566,4145.243453122229,4043.434422457172,4114.536361648725
61,4508.1122574900755,4243.2952609952135,4211.406996193647,4156.721262702035,4160.769837015625,4145.243453122229,4042.71947450294,4113.867257528783
62,4493.308448664551,4243.2952609952135,4207.606541798107,4156.721262702035,4160.136652491995,4134.011010010282,4042.581855510436,4113.35748166616
63,4525.92134552118,4224.2318038859685,4196.571966427471,4156.343269242255,4156.548493008415,4134.011010010282,4039.904220481781,4111.585726655709
64,4471.174224629218,4254.593052508768,4207.606541798107,4156.089291744397,4155.658428013662,4133.036291253577,4039.491306895326,4111.585726655709
65,4467.996340688148,4254.593052508768,4200.626360334957,4156.089291744397,4155.626902932224,4131.180362217177,4039.491306895326,4111.585726655709
66,4413.49829349786,4225.931264093643,4200.626360334957,4158.4650482951965,4150.810546052798,4121.122664566882,4038.870394098382,4111.585726655709
67,4413.49829349786,4225.931264093643,4200.626360334957,4154.65700179954,4143.80859337245,4121.122664566882,4038.7763589410933,4110.752512157445
68,4409.379385406521,4241.337631003112,4200.626360334957,4151.094704233445,4144.175503738872,4120.99978073755,4038.7763589410933,4106.48129993761
69,4438.683663088761,4236.366372453947,4200.782999819576,4125.467092048223,4146.215931964074,4115.196124017144,4038.7763589410933,4106.48129993761
70,4429.726020757628,4236.366372453947,4180.69227430826,4125.467092048223,4132.782887592512,4114.848426302978,4035.5897671949256,4106.739926715201
71,4406.743426555635,4257.262401703482,4180.69227430826,4125.467092048223,4132.782887592512,4104.548301580344,4035.5897671949256,4092.421606129286
72,4406.743426555635,4257.262401703482,4180.69227430826,4126.91990992029,4127.145628154598,4104.548301580344,4035.5897671949256,4092.6701396574103
73,4406.743426555635,4244.054235365944,4180.329636521517,4130.757801803576,4142.0383413538075,4104.548301580344,4032.7069717845325,4091.92275855035
74,4348.140121902765,4254.260411364477,4169.6621010996305,4135.270349026467,4139.220142050032,4104.548301580344,4032.7069717845325,4091.92275855035
75,4381.7133616345645,4245.964397159284,4173.271860963989,4133.671803237017,4128.900482028481,4101.887074590664,4031.1571005419873,4091.580773489041
76,4405.033173939749,4272.31674425991,4169.6621010996305,4133.671803237017,4124.314082583687,4099.008472887982,4028.707641471901,4091.081925910104
77,4439.736752425529,4272.31674425991,4169.6621010996305,4129.484918941876,4119.319849949236,4099.008472887982,4028.707641471901,4090.9365996162364
78,4391.578174686991,4279.929054047078,4167.760785631253,4129.484918941876,4120.048808263067,4093.1365255138917,4026.809479414148,4090.9365996162364
79,4359.686028402799,4279.929054047078,4170.475584715247,4102.8246268760695,4120.048808263067,4090.4549190556563,4022.619035211936,4090.9365996162364
80,4368.671569836466,4278.591459012262,4170.475584715247,4102.8246268760695,4118.4123413647485,4090.092523138735,4022.619035211936,4080.320562628751
81,4345.319118662009,4278.591459012262,4173.616563907332,4089.7190206498417,4117.116727968535,4090.092523138735,4022.619035211936,4080.320562628751
82,4369.092208480067,4280.098232547631,4171.331749302956,4089.7190206498417,4111.451455108592,4088.3808900868653,4022.619035211936,4080.0249118445377
83,4352.207894482711,4263.180058305513,4171.331749302956,4089.382568694536,4109.3765021994,4088.018494169944,4022.3053564338593,4080.0249118445377
84,4425.50659148772,4261.537131536587,4163.943121404636,4080.6433175092775,4109.3765021994,4083.110855100708,4017.997206850259,4079.5061211280727
85,4430.313272297144,4261.537131536587,4168.142126886798,4078.8296837952125,4109.3765021994,4082.452738780551,4017.997206850259,4077.112536568871
86,4376.243226783507,4256.557350584219,4170.112859647671,4078.8296837952125,4099.183183593759,4072.7176537854098,4017.997206850259,4077.112536568871
87,4448.34629066115,4259.687788821992,4170.859465305926,4078.8296837952125,4099.183183593759,4071.092303958085,4017.659014325719,4076.973192293614
88,4483.027560302196,4250.344230717969,4170.859465305926,4068.682049958063,4099.183183593759,4071.092303958085,4017.6343209537476,4075.6281080549006
89,4444.874914355845,4250.317710612977,4174.657886410757,4068.682049958063,4097.9354587079815,4066.943060335235,4017.6343209537476,4075.244144188631
90,4419.053971293136,4237.611590816259,4173.126517934249,4058.0157963025417,4097.9354587079815,4066.8122544667895,4015.9989330583967,4074.5511778067103
91,4419.053971293136,4247.461238133917,4173.126517934249,4053.1234355857646,4097.9354587079815,4057.764686762497,4016.7745471207663,4074.5511778067103
92,4462.444188975648,4241.276100861002,4174.657886410757,4053.1234355857646,4088.7672051657105,4057.3809318546837,4014.8247640329164,4065.715231800633
93,4433.280149560001,4271.1003557675285,4172.064168985972,4053.1234355857646,4088.7672051657105,4057.3809318546837,4014.8247640329164,4065.715231800633
94,4439.08696658929,4256.691482505041,4174.657886410757,4042.3732106367393,4085.4108413794893,4055.1234968294348,4014.8247640329164,4065.045598158197
95,4457.960585426707,4265.45958260531,4174.657886410757,4045.5165513628485,4085.4108413794893,4055.1234968294348,4014.9591341203486,4064.4076035825888
96,4403.336225047585,4266.306984477773,4173.59553746248,4050.812704074535,4084.655893605584,4055.1234968294348,4014.9591341203486,4064.4076035825888
97,4487.5662478236345,4243.058882543577,4174.657886410757,4053.370073972338,4077.686355145193,4054.0163306769036,4014.9591341203486,4062.4464565662524
98,4480.910146708626,4239.575201354087,4174.657886410757,4053.3243694967123,4077.686355145193,4051.588755803613,4014.9591341203486,4052.913334960769
99,4461.918572995686,4243.058882543577,4174.657886410757,4053.3243694967123,4064.757641765148,4050.5905335206276,4013.501187500744,4051.660519655594
100,4424.581509478549,4243.4097349184285,4174.657886410757,4040.841205792915,4061.973196859485,4051.588755803613,4013.501187500744,4051.6521458987613
101,4393.56828206825,4226.46023659227,4174.657886410757,4034.4580677295653,4060.751204552279,4051.289413726611,4007.9563209822495,4050.6329894954006
102,4427.690924303399,4233.49908484537,4174.657886410757,4034.4580677295653,4059.531557077547,4048.429715884688,4007.9563209822495,4048.2440745166964
103,4416.152192615276,4237.275066774104,4174.657886410757,4032.033712835566,4059.531557077547,4047.4231059164285,4007.9563209822495,4047.2249181133348
104,4453.459397251242,4275.244256005056,4173.440175313728,4036.218266243378,4059.531557077547,4047.4231059164285,4007.9563209822495,4038.7015124731843
105,4403.141039344955,4260.065063604134,4173.440175313728,4032.5763599352745,4059.531557077547,4047.4231059164285,4006.060802620481,4038.7015124731843
106,4423.837330178,4260.065063604134,4169.955658821653,4032.5763599352745,4058.18033133955,4047.4231059164285,3999.7490081504307,4038.7015124731843
107,4465.139600280497,4260.065063604134,4169.955658821653,4036.720970736142,4056.1597633080173,4047.4231059164285,3999.7490081504307,4037.0252557450663
108,4381.547071397029,4253.877591359291,4156.678831806008,4033.2509527592924,4056.102745798909,4047.4231059164285,3999.7490081504307,4037.3783390229282
109,4421.90654835276,4253.877591359291,4170.267056973165,4037.1798174817636,4056.102745798909,4047.4231059164285,3999.7490081504307,4035.7966292718
110,4374.36132622053,4253.877591359291,4172.843774747646,4037.3554617836667,4053.3586173055337,4047.4231059164285,3999.7490081504307,4035.723292407634
111,4398.717298858815,4227.3667675902925,4166.537775159173,4037.3554617836667,4055.6323604468353,4047.4231059164285,3999.673532010446,4032.1024877744753
112,4376.877796724433,4227.3667675902925,4169.95301754205,4034.739311556358,4055.6323604468353,4043.73348747254,3999.669016464588,4034.4946659343677
113,4438.832514011833,4227.3667675902925,4172.71510923134,4034.739311556358,4054.9382397853183,4043.73348747254,3997.0711653158787,4034.0279266160414
114,4441.121167022077,4226.256843099923,4172.71510923134,4034.739311556358,4054.9382397853183,4041.593826041788,3991.6025204632037,4032.3804435828565
115,4474.556633197322,4228.191793935346,4172.843774747646,4028.8146655078804,4054.336377191283,4041.593826041788,3997.0711653158787,4031.1706800391544
116,4395.680665455557,4245.3827508396025,4171.983169039268,4028.8146655078804,4054.336377191283,4035.639390746816,3997.0711653158787,4029.275733067463
117,4453.542018863462,4234.108406188631,4171.558318345915,4024.893819209274,4054.505680431069,4031.682511993679,3998.2666393781665,4029.275733067463
118,4453.238192974622,4232.471797856783,4166.297558199281,4031.0482573460076,4054.228913771734,4028.468693230899,3997.0711653158787,4029.275733067463
119,4425.92844660674,4232.471797856783,4166.169520827225,4028.8146655078804,4054.228913771734,4027.1502958272,3997.0711653158787,4029.275733067463
120,4527.2611704011715,4232.35975001262,4168.036110292525,4028.8146655078804,4054.18273463788,4022.5267593387584,3996.37128737191,4026.5696072934265
121,4525.829247067288,4232.471797856783,4168.164147664582,4032.681259698272,4054.18273463788,4022.5267593387584,3996.37128737191,4026.5696072934265
122,4510.972186111267,4225.14765234144,4167.85312839643,4032.429547983014,4050.272604509794,4022.5267593387584,3995.409645917574,4026.905661903418
123,4544.23514412105,4248.134634105349,4164.1196417994215,4030.5886088913794,4050.272604509794,4022.5267593387584,3995.1758133096214,4026.6916404765584
124,4583.217918528831,4257.182727412942,4172.051024777515,4028.7208688329324,4050.272604509794,4022.5267593387584,3994.731225118297,4023.919500337611
125,4550.045073696564,4272.370881871519,4172.292346660674,4023.492916559779,4050.272604509794,4022.5267593387584,3994.2151910196526,4025.7467023735812
126,4551.056081723216,4272.370881871519,4176.00798946833,4030.5886088913794,4042.625925964846,4022.5267593387584,3991.573324545676,4025.369783705819
127,4541.052615692977,4262.4844168199415,4171.165391558212,4030.5886088913794,4041.31860092551,4022.452574954602,3991.524154368225,4025.369783705819
128,4566.977857076975,4263.859568640156,4171.165391558212,4030.5886088913794,4040.632743177787,4022.452574954602,3991.104188681501,4025.369783705819
129,4477.859226059786,4242.903437717367,4170.142145712699,4030.5886088913794,4041.31860092551,4015.839672002752,3991.524154368225,4025.155762278959
130,4390.394190663712,4250.107323825899,4170.59398572183,4030.5886088913794,4041.31860092551,4015.839672002752,3991.524154368225,4025.1287095755843
131,4375.379274714633,4236.118617609082,4171.406534657172,4030.5886088913794,4041.31860092551,4013.8418443413057,3991.524154368225,4015.0648529531095
132,4414.37794924213,4237.7894871651715,4170.59398572183,4031.196072465796,4041.31860092551,4013.8418443413057,3991.318396633689,4013.4764494925703
133,4394.198314868123,4251.904948252582,4155.987364957555,4031.196072465796,4041.31860092551,4013.3601807545056,3991.318396633689,4013.4764494925703
134,4347.561043062028,4237.7894871651715,4163.867124875862,4024.8619193589566,4041.31860092551,4011.182881483016,3991.318396633689,4012.7080460093616
135,4396.465978725997,4238.57902190959,4162.732856389176,4027.3041360375328,4040.6315651472514,4011.182881483016,3991.318396633689,4004.122646173663
136,4379.981543224214,4276.59355778667,4162.732856389176,4027.664426357191,4040.6315651472514,4011.182881483016,3991.318396633689,4004.122646173663
137,4388.631726603981,4258.929916202244,4157.154614498444,4042.1457306317634,4040.3061051619243,4004.4842208219584,3991.318396633689,4004.122646173663
138,4425.082096995213,4259.9906495204195,4157.154614498444,4053.436945641462,4032.0257510803563,4004.663276776272,3991.318396633689,4003.3542426904537
139,4486.610700774377,4266.360093783045,4157.154614498444,4047.442465262656,4032.0257510803563,4004.663276776272,3990.99190672666,4001.96465108472
140,4492.5851091465765,4258.929916202244,4157.154614498444,4047.442465262656,4031.059768217088,4004.663276776272,3990.99190672666,4001.43479181237
141,4483.871850010819,4269.7064400319805,4157.154614498444,4067.2297637500656,4028.611898564493,4004.663276776272,3990.841084104423,3997.9766009876626
142,4510.226068814987,4269.7064400319805,4153.896465064344,4066.384031992726,4026.1290259635593,4004.663276776272,3990.7116563924287,3996.679555729204
143,4477.973507034025,4269.174549683177,4158.117432181157,4065.121617942884,4025.888252081306,4004.2680366043933,3990.7116563924287,3995.312248462532
144,4497.83930257424,4269.174549683177,4169.258242720077,4065.121617942884,4023.6923269513372,4003.4208343380583,3990.6568026679884,3995.312248462532
145,4450.727053316402,4269.174549683177,4157.949432936166,4065.121617942884,4023.4515530690837,4003.4208343380583,3988.265241307777,3994.5759201138267
146,4450.727053316402,4268.207032963472,4157.949432936166,4046.985162089836,4023.4515530690837,4003.4208343380583,3988.265241307777,3994.4984968329754
147,4489.187763876906,4289.907300188106,4166.968942118343,4045.9899527077464,4019.4382494793094,4003.052995454217,3988.265241307777,3992.648713814751
148,4500.019132953295,4267.1614193881005,4166.968942118343,4051.45284420709,4019.4382494793094,4003.052995454217,3988.210933727432,3992.471047495791
149,4517.967368144038,4276.458218570123,4171.140259947246,4053.607289730951,4019.197475597056,4003.052995454217,3987.092542436154,3991.620741483865
150,4523.132760483021,4265.861420452772,4171.140259947246,4035.3921214508305,4019.197475597056,4003.052995454217,3987.0357221143267,3991.620741483865
151,4453.814167433513,4279.296500831152,4152.534425123271,4035.3921214508305,4013.836554162712,4003.052995454217,3987.0357221143267,3989.2215064191946
152,4494.104377509496,4279.296500831152,4159.44117177734,4035.3921214508305,4013.836554162712,4003.052995454217,3987.0357221143267,3988.9978852177446
153,4485.489065658658,4269.94832410483,4155.657008769574,4033.435470032929,4013.836554162712,4003.052995454217,3986.6507210509417,3988.9978852177446
154,4463.794796654584,4257.889903145184,4155.657008769574,4035.1249379389606,4013.836554162712,4003.052995454217,3986.019487195713,3985.4662216963548
155,4536.535679354919,4268.7574787074345,4170.767361059904,4035.1249379389606,4013.5957802804587,4003.052995454217,3986.6507210509417,3985.2426004949048
156,4507.758675649175,4255.986833687625,4173.932747074924,4033.435470032929,4013.4575163699155,4003.052995454217,3986.6507210509417,3985.2426004949048
157,4442.971986092802,4260.043376375878,4183.386173898227,4034.094951318762,4013.4575163699155,4003.052995454217,3986.6507210509417,3985.2426004949048
158,4462.084652727169,4263.937211949838,4203.738720494129,4038.7579105355553,4013.4575163699155,4003.052995454217,3986.644719755392,3984.72315232974
159,4503.263861756588,4266.195514482174,4200.477402306873,4037.261810107764,4013.4575163699155,4003.052995454217,3986.644719755392,3984.6536349266594
160,4472.157130644393,4282.02223879714,4200.477402306873,4037.0780319135265,4013.4575163699155,4003.052995454217,3984.9963310023727,3984.72315232974
161,4463.668229200143,4290.663142582612,4186.285898192073,4037.1272731781255,4013.4575163699155,4003.052995454217,3984.9963310023727,3984.012863859179
162,4444.348626330919,4289.3584636470205,4181.907264497298,4036.7799119578845,4013.4575163699155,4002.6012323059244,3984.9963310023727,3984.012863859179
163,4453.397063161314,4282.6936949999545,4161.296836186255,4034.983417132072,4013.4575163699155,4003.052995454217,3984.259001725493,3982.7012699844977
164,4475.50977734427,4293.8345821956755,4160.440462509846,4036.2230691802,4013.4575163699155,4003.052995454217,3984.259001725493,3982.7012699844977
165,4452.9560371820435,4289.807779133036,4159.438730789074,4035.9193405417673,4013.4575163699155,4001.7569837252154,3984.259001725493,3982.7012699844977
166,4418.990376061202,4291.022672759703,4159.438730789074,4034.9200963696576,4013.4575163699155,4001.7569837252154,3984.259001725493,3982.7012699844977
167,4418.990376061202,4294.816696143937,4159.438730789074,4033.263447409469,4013.4575163699155,4001.2697331005356,3984.259001725493,3982.1267235478854
168,4466.8798099751,4295.1665555606205,4159.438730789074,4032.3436851871197,4013.4575163699155,4001.2697331005356,3984.1975023277646,3972.8819628352267
169,4403.667587788923,4294.805962823785,4159.438730789074,4032.3436851871197,4009.1158648073333,4000.7015798147713,3983.3828616985356,3972.8819628352267
170,4433.084003376212,4293.649567015533,4163.525702500878,4032.1495891079903,4009.1158648073333,3999.973721371534,3983.3828616985356,3972.7980628082214
171,4442.707124003011,4281.358690887353,4150.9684619901345,4032.1495891079903,4010.158391434403,3997.847927072022,3983.3828616985356,3972.7980628082214
172,4419.086059994597,4276.253522722965,4141.797934691869,4032.3436851871197,4008.138722030597,3997.847927072022,3983.3828616985356,3972.3564713623055
173,4432.699593327449,4278.037788399037,4148.880284162146,4032.3436851871197,4011.71459985847,3996.551915343021,3983.3213623008073,3970.4649796590297
174,4403.614299417795,4260.778091159021,4156.418514546305,4032.3436851871197,4011.71459985847,3996.551915343021,3982.216219175573,3971.574468864997
175,4408.413589393617,4231.714337270775,4148.309697305765,4032.1495891079903,4008.920928318857,3996.499046036601,3982.216219175573,3971.574468864997
176,4408.413589393617,4278.245103516693,4138.300045228093,4024.770745155733,4008.920928318857,3996.4875090629926,3982.216219175573,3971.574468864997
177,4406.214493859205,4272.35887165362,4148.309697305765,4024.770745155733,4008.920928318857,3996.263913797832,3981.516288453731,3970.773066284219
178,4480.105667488657,4245.065390657789,4148.309697305765,4023.639582209479,4008.920928318857,3995.750577023801,3980.8002347100337,3970.5834936868287
179,4451.080261539675,4245.065390657789,4143.611141270371,4033.718093139159,4008.920928318857,3995.750577023801,3980.1003039881916,3970.152500999002
180,4451.428913047272,4226.1907450140425,4143.611141270371,4030.1145598380826,4008.920928318857,3992.8706428596083,3979.603537605859,3969.686089943517
181,4395.071966469338,4197.563052547195,4148.309697305765,4029.9658072367583,4008.582470923284,3995.364969653825,3978.0791884778137,3968.278775960201
182,4387.4416568384895,4206.162229239324,4148.208264625974,4029.9658072367583,4006.4027122149605,3992.8706428596083,3977.6144541636318,3967.478962242237
183,4383.523912179656,4213.661644388193,4148.208264625974,4029.9658072367583,4008.582470923284,3992.8706428596083,3978.0791884778137,3967.478962242237
184,4375.121700993918,4203.6904038941375,4139.916778030947,4029.9658072367583,4005.493001572483,3992.8706428596083,3975.3506209980105,3966.057549446939
185,4374.816765319044,4203.973643216991,4121.713404873569,4028.8003019352564,4005.493001572483,3992.8706428596083,3975.174831839723,3965.2020401354152
186,4350.321241781142,4203.973643216991,4121.857603953677,4029.9658072367583,4005.493001572483,3992.8706428596083,3975.8464287490538,3964.0074601101487
187,4376.159038864423,4197.139613799648,4139.916778030947,4025.377782801096,4005.493001572483,3992.8706428596083,3975.1329165791694,3963.780627340117
188,4371.399443672666,4204.022539193978,4139.515007940412,4025.377782801096,4005.493001572483,3992.8706428596083,3975.1329165791694,3963.780627340117
189,4399.268143299444,4204.501468438228,4130.2077116717,4025.377782801096,4005.493001572483,3992.8706428596083,3975.1329165791694,3962.4898373069977
190,4405.886652436028,4204.501468438228,4131.72443826714,4028.7722166544827,4004.2391709290096,3992.8460416373464,3974.543867073556,3962.045626346923
191,4392.575027553029,4189.374275401792,4130.2077116717,4022.0246129602174,4003.0708193642176,3992.4068008876584,3975.1329165791694,3962.045626346923
192,4413.9309867589445,4189.374275401792,4138.698159908872,4022.0246129602174,4003.0708193642176,3989.122212136604,3974.37079749443,3962.045626346923
193,4377.412581409171,4189.374275401792,4138.698159908872,4022.0246129602174,4001.7634793078414,3987.200220936853,3973.9731947799482,3961.9925236012637
194,4456.895660360592,4216.85012653308,4138.698159908872,4021.61193447627,4001.7634793078414,3987.200220936853,3972.73125552891,3961.661145000395
195,4433.390293983988,4227.009293309198,4138.698159908872,4021.61193447627,4001.7634793078414,3985.4445735966096,3972.73125552891,3961.661145000395
196,4384.448493989105,4208.718892076624,4141.530546219288,4021.61193447627,3999.190440376244,3985.4445735966096,3971.9691364441705,3961.606516146878
197,4369.014393357158,4212.723426969857,4138.698159908872,4020.212309628109,3999.033338684986,3985.416397231685,3972.73125552891,3959.660586248858
198,4369.014393357158,4274.426845634558,4138.698159908872,4020.212309628109,3999.033338684986,3984.4025018629136,3972.73125552891,3961.2370548364506
199,4374.916237967088,4243.679996655265,4138.698159908872,4020.212309628109,3999.033338684986,3984.4025018629136,3972.73125552891,3961.168773784412
200,4376.826691102442,4263.925262814703,4136.901181025178,4020.212309628109,3999.033338684986,3984.2130506263975,3972.73125552891,3960.0987715591505
201,4383.339353113679,4263.925262814703,4141.634399001674,4019.1965450266084,3998.684805829213,3983.2871447363987,3972.73125552891,3960.0987715591505
202,4382.243502075791,4205.745777557462,4143.5145348496935,4019.1965450266084,3998.684805829213,3983.0976934998826,3967.472993733576,3960.075424797736
203,4365.343096135462,4265.829627621696,4138.854288033772,4019.1965450266084,3997.7715099984844,3983.0447579173597,3967.321961193215,3960.075424797736
204,4368.139610966758,4252.999195069079,4135.405978830147,4019.1965450266084,3997.54282886658,3983.0447579173597,3967.321961193215,3959.9040856969023
205,4337.265846942788,4220.233417532583,4169.130584586379,4019.1965450266084,3992.254681587734,3982.7067257987533,3967.321961193215,3959.9040856969023
206,4326.944734754644,4199.005254802605,4158.146347903588,4019.1965450266084,3996.629533035851,3982.606759007547,3966.848526626172,3959.9040856969023
207,4343.001781854002,4199.005254802605,4134.42103960344,4018.332410047287,3997.54282886658,3982.4635583554623,3966.7067711542113,3959.9040856969023
208,4397.394553078167,4199.005254802605,4134.42103960344,4018.9153875339266,3996.629533035851,3982.4364984018057,3965.331778536259,3959.9040856969023
209,4417.921873388418,4189.605299534971,4135.606426895449,4019.1965450266084,3996.629533035851,3981.2482344377413,3966.036401129538,3959.1891771012397
210,4425.992569726408,4212.987020306689,4135.606426895449,4019.1965450266084,3996.629533035851,3982.38690388451,3965.9449573023717,3958.9253015130926
211,4464.515391604884,4255.349413908765,4132.742561868436,4019.1965450266084,3992.588775862723,3982.38690388451,3965.2024770192083,3955.8922265414194
212,4430.101774646387,4252.511712706721,4132.742561868436,4019.1965450266084,3987.3418448353336,3982.359843930854,3964.497854425929,3955.8922265414194
213,4460.182502759553,4248.7387334945215,4132.241754577277,4019.1965450266084,3992.588775862723,3982.425133660057,3964.2050664136073,3954.9134423576097
214,4460.182502759553,4208.4849332401645,4135.442191343105,4019.1965450266084,3987.3418448353336,3982.38690388451,3964.497854425929,3954.9134423576097
215,4510.112030840485,4175.909421331299,4133.928565923363,4019.1965450266084,3987.3418448353336,3981.0451127427177,3964.398104654705,3954.198533761947
216,4500.987483621568,4180.7990116799165,4147.446334036482,4019.1965450266084,3987.3418448353336,3980.7825797477512,3964.398104654705,3953.6362575070566
217,4550.535729285205,4183.519875006631,4133.928565923363,4019.1965450266084,3987.3418448353336,3979.8862754454403,3964.114389776575,3953.6362575070566
218,4544.172981394728,4156.849939150389,4136.982779962635,4018.5017418629786,3987.2785735817447,3974.8504985622994,3964.1053166423835,3952.5068644139346
219,4556.174529666816,4181.755717053927,4139.130263169953,4015.9147886047685,3987.3418448353336,3974.8504985622994,3964.1053166423835,3952.5068644139346
220,4481.937529695077,4183.700945391187,4150.527645272799,4019.396349221216,3986.4216823017537,3974.8504985622994,3963.780510909768,3952.5068644139346
221,4507.758101502154,4203.338403648271,4154.343407598342,4016.9484934823186,3986.1545400898763,3974.8504985622994,3963.600282844426,3952.410434553718
222,4559.758503440811,4160.942443416239,4153.320469716211,4017.303932601254,3985.201670635625,3974.488461278356,3963.600282844426,3952.410434553718
223,4544.35420535884,4158.5416017505395,4154.343407598342,4017.303932601254,3986.3498039268056,3974.488461278356,3963.600282844426,3952.410434553718
224,4523.979567207891,4182.4213084544135,4150.377820411848,4017.303932601254,3986.439851090574,3974.488461278356,3963.532160504917,3952.410434553718
225,4472.14929444342,4196.870333864519,4150.377820411848,4017.303932601254,3983.8687740227533,3974.488461278356,3963.600282844426,3951.904016244933
226,4441.846142468629,4196.870333864519,4150.377820411848,4017.303932601254,3982.4542087823415,3974.488461278356,3963.4313084800765,3951.5736064203834
227,4440.562303509816,4154.212023830964,4153.167287656228,4017.303932601254,3981.9340770355557,3974.365505514617,3962.4528090971958,3951.5736064203834
228,4409.653705310649,4202.614711578408,4157.896586872885,4017.303932601254,3981.9340770355557,3973.8308951930676,3962.368735690814,3951.5736064203834
229,4420.068992475216,4154.212023830964,4152.185072341963,4013.553572077392,3981.9340770355557,3974.488461278356,3961.312323312167,3951.5736064203834
230,4434.591497846886,4172.044887091865,4152.185072341963,4013.553572077392,3981.9340770355557,3974.488461278356,3961.1505743616,3951.5736064203834
231,4422.250143536555,4165.061447814118,4150.281002904099,4013.553572077392,3981.9340770355557,3973.948185625263,3960.5953832754076,3951.5736064203834
232,4401.50359070685,4164.204664599207,4150.281002904099,4013.553572077392,3981.9340770355557,3973.948185625263,3960.5953832754076,3951.3887911996285
233,4436.233566809891,4165.061447814118,4129.947378513261,4013.553572077392,3981.9340770355557,3973.948185625263,3960.5953832754076,3951.3856739267662
234,4415.288777330694,4149.709352054597,4144.946082388673,4013.553572077392,3981.8249586902984,3973.689549205258,3960.5953832754076,3951.276618661688
235,4447.068330007422,4173.044325169764,4145.280722039675,4012.7662654001992,3981.8249586902984,3973.689549205258,3959.7994661670077,3950.243153351856
236,4430.6367010417125,4164.899182025836,4145.280722039675,4011.0622813347227,3981.8249586902984,3973.689549205258,3959.7994661670077,3949.273729829929
237,4414.463740749763,4149.076082177533,4145.280722039675,4008.9623559850465,3981.486228912482,3973.689549205258,3959.7411733608733,3949.2615280851255
238,4365.082700985229,4149.076082177533,4145.280722039675,4008.9623559850465,3981.486228912482,3973.689549205258,3959.68190701595,3949.2615280851255
239,4391.588912747285,4132.79836186618,4146.700666711618,4008.9623559850465,3981.486228912482,3973.689549205258,3959.68190701595,3949.083773130775
240,4351.5990198378795,4142.76020363684,4144.3183039147625,4008.9623559850465,3981.176555360962,3973.689549205258,3959.68190701595,3949.083773130775
241,4351.5990198378795,4152.308472083049,4139.917887289359,4008.9623559850465,3981.176555360962,3973.689549205258,3959.68190701595,3949.083773130775
242,4359.380083757694,4139.179583163796,4139.2355638201525,4008.9623559850465,3980.3698367571264,3973.689549205258,3959.68190701595,3949.083773130775
243,4412.035305730932,4149.317696572449,4139.2355638201525,4008.5583301044835,3981.486228912482,3973.689549205258,3959.582144404522,3949.083773130775
244,4379.320466990196,4145.786794527136,4130.2925442132255,4005.171325016986,3980.598088302816,3973.4781394088564,3959.5125679088565,3949.083773130775
245,4395.744188532577,4148.45829977962,4136.832287152889,4005.171325016986,3978.7879123116168,3973.214101869919,3959.582144404522,3949.083773130775
246,4381.485695922043,4165.556464375026,4141.070410007321,4005.171325016986,3975.125080490808,3972.8317904460064,3959.448743566132,3949.083773130775
247,4401.7799316146,4165.556464375026,4128.596916555913,4005.278801846766,3975.125080490808,3971.4942327474723,3959.448743566132,3949.083773130775
248,4329.842330313239,4141.861484240786,4127.537674288184,4005.8283482589313,3974.824465591384,3969.8709915078234,3958.380722605496,3949.083773130775
249,4371.737077466138,4137.380206696523,4133.858850491733,4005.9358250887108,3973.2060712648613,3969.8709915078234,3958.380722605496,3949.083773130775
250,4392.674009412645,4139.179583163796,4132.401558740319,4005.3301548375175,3973.2060712648613,3968.9212977424036,3958.0495637476756,3949.083773130775
251,4334.208065146982,4107.604111579976,4133.858850491733,4005.3301548375175,3973.2060712648613,3968.6700416145723,3957.011921415671,3949.083773130775
252,4377.823724426766,4117.76982672093,4133.858850491733,4005.9358250887108,3973.2060712648613,3967.9187860968864,3957.011921415671,3949.083773130775
253,4420.001357549647,4131.054859376199,4132.584520160515,4005.9358250887108,3974.824465591384,3966.8293260565315,3957.011921415671,3949.0775083776502
254,4419.759101645508,4119.856101548925,4132.584520160515,4005.186376663786,3974.824465591384,3966.2744668141236,3957.011921415671,3949.0775083776502
255,4443.638489816694,4113.157112598479,4132.584520160515,4005.186376663786,3974.824465591384,3966.2744668141236,3956.2213881557864,3948.7619415449917
256,4392.456885824245,4116.262674576126,4132.584520160515,4005.9358250887108,3974.824465591384,3965.8969188542537,3956.2213881557864,3948.755676791867
257,4390.508988292508,4121.221592257049,4126.182961166065,4007.0910969619104,3974.824465591384,3965.6633210482405,3955.9302823039675,3948.755676791867
258,4368.278941191572,4123.798284730745,4123.738926000786,4003.461538485877,3973.8092319557427,3965.1084618058326,3955.5247489828685,3948.454283639102
259,4383.656630882592,4121.759413644605,4121.717261126691,4003.461538485877,3971.831576391857,3965.1084618058326,3955.1964991001278,3948.454283639102
260,4324.675768091668,4121.759413644605,4120.7394460159485,4003.461538485877,3971.831576391857,3965.1084618058326,3954.9816833262144,3948.454283639102
261,4372.775142983789,4136.0047033938745,4120.7394460159485,4003.461538485877,3969.025316217738,3965.1084618058326,3954.905393248309,3948.454283639102
262,4360.870016263352,4118.066269712045,4114.289114051022,4003.461538485877,3969.025316217738,3965.1084618058326,3954.52462543909,3948.454283639102
263,4281.671451667602,4113.664620868615,4114.289114051022,4003.3343857449076,3968.1063354452012,3963.6797567831445,3954.52462543909,3948.454283639102
264,4329.325120437064,4121.873046998492,4114.289114051022,4002.921035515968,3966.0368334496475,3963.6797567831445,3954.52462543909,3948.454283639102
265,4315.337386831261,4131.659864111347,4115.762569006532,4001.297163681344,3966.978367045482,3963.6797567831445,3954.52462543909,3948.4181736918
266,4329.790681006754,4103.1783468136455,4115.762569006532,4002.9078340326855,3966.978367045482,3963.4830616746613,3954.52462543909,3948.4031659678317
267,4324.905570919255,4098.667180936332,4110.581969197201,4002.9078340326855,3966.855128118105,3963.4830616746613,3954.52462543909,3948.36705602053
268,4324.878811444539,4098.667180936332,4110.581969197201,4002.7569277102257,3965.8678104009127,3963.4830616746613,3954.4742932022878,3948.36705602053
269,4415.5181233880885,4140.910980545332,4116.0375753019525,4002.7569277102257,3965.9023713423467,3963.4830616746613,3953.813991698592,3948.36705602053
270,4339.47783633758,4090.13786766292,4138.273666879318,4002.5557502898914,3965.8747580806416,3963.4830616746613,3953.813991698592,3948.2150665140675
271,4359.058167657381,4135.397648872138,4138.273666879318,4002.5557502898914,3965.8747580806416,3963.4830616746613,3953.7804825717712,3948.2150665140675
272,4359.058167657381,4108.029676007809,4138.273666879318,4002.460999562187,3965.8747580806416,3963.4830616746613,3953.746904996352,3948.2150665140675
273,4463.348741416424,4135.397648872138,4134.73550167317,4002.460999562187,3966.742153086184,3963.1147935717713,3953.7615206477317,3947.4702506458225
274,4421.551809194783,4110.309757337816,4135.805735701274,4002.460999562187,3966.8964009506863,3963.1147935717713,3953.7615206477317,3947.4702506458225
275,4441.686011061672,4123.990906657648,4136.086286807896,4002.460999562187,3966.5465973231735,3963.1147935717713,3952.5199357767215,3947.287492657249
276,4441.686011061672,4160.900188246396,4128.283927453693,4002.460999562187,3979.305738319317,3963.0060700231206,3953.746904996352,3946.839232748094
277,4445.461019480554,4184.564817354528,4141.679183866526,4001.6541864301817,3966.8617473195973,3963.0060700231206,3953.746904996352,3946.839232748094
278,4459.75958874607,4214.706637486698,4127.445628554008,4000.3423697205317,3965.61556267113,3962.747653894555,3953.746904996352,3946.839232748094
279,4414.0563234021765,4189.720842766343,4123.783216242682,3994.497397780291,3965.61556267113,3962.5873570698677,3953.746904996352,3946.839232748094
280,4439.988167665817,4185.006958714513,4125.820686970909,3994.497397780291,3964.8425440915876,3962.4033408397563,3953.746904996352,3946.839232748094
281,4455.823325452198,4190.976766532279,4125.2225154825965,3994.497397780291,3965.61556267113,3962.4033408397563,3953.746904996352,3946.839232748094
282,4462.829797079565,4182.020066312706,4128.507217029279,3994.041059854107,3965.4630193133794,3961.9846278865034,3952.5240188684215,3946.553516485504
283,4431.319323874115,4151.931351808951,4129.483099282235,3994.041059854107,3965.61556267113,3961.9846278865034,3952.5240188684215,3946.640482877076
284,4431.099074587055,4143.767782146741,4118.939002126597,3994.041059854107,3964.780915246441,3961.9846278865034,3950.6615093203213,3946.640482877076
285,4403.86358187496,4151.666103786644,4128.884927793923,3994.041059854107,3964.780915246441,3961.9846278865034,3950.406292445399,3946.640482877076
286,4467.668256181338,4170.489689504602,4125.133990151857,3994.041059854107,3964.780915246441,3961.912038380049,3950.6615093203213,3946.640482877076
287,4485.696403110242,4176.497365755072,4120.6319255491735,3994.497397780291,3964.549950573124,3961.912038380049,3950.6615093203213,3946.640482877076
288,4407.043714870012,4165.258231190041,4120.720450879912,4010.069072427173,3960.8038691060874,3961.912038380049,3950.5924800553043,3946.640482877076
289,4435.974250830841,4168.918077945639,4120.720450879912,3994.041059854107,3961.4853743010613,3961.912038380049,3950.5924800553043,3946.640482877076
290,4376.6810750389905,4168.918077945639,4120.720450879912,3994.041059854107,3963.7153031484345,3961.807710487726,3950.5924800553043,3945.6022272701052
291,4466.832175558464,4168.918077945639,4121.318622368226,3994.041059854107,3962.1782518984082,3961.912038380049,3950.5924800553043,3945.6022272701052
292,4447.745038858471,4169.676203119622,4132.669884172428,3994.041059854107,3964.2039123688382,3961.912038380049,3949.458631190498,3945.4787629775055
293,4451.088488809166,4169.676203119622,4127.828699619173,3994.041059854107,3967.230992434263,3961.26010304148,3949.389601925481,3945.4787629775055
294,4451.088488809166,4173.33668525195,4130.171961536027,3994.041059854107,3967.230992434263,3961.2070427331764,3949.389601925481,3945.4787629775055
295,4422.798455458285,4175.647586646011,4130.171961536027,3994.041059854107,3965.9359914478437,3960.871098885012,3949.389601925481,3945.4787629775055
296,4449.531229818006,4167.816530517212,4139.275458776343,3993.5420565476534,3965.9359914478437,3960.871098885012,3949.376148267138,3945.4787629775055
297,4451.088488809166,4167.816530517212,4140.606622207216,3994.3397760335315,3965.9359914478437,3960.871098885012,3949.376148267138,3945.4787629775055
298,4472.57979967492,4152.078513902307,4140.606622207216,3994.3397760335315,3965.9359914478437,3960.871098885012,3948.3768381733257,3945.4787629775055
299,4461.36124681965,4160.461259278568,4131.734281366893,3994.3397760335315,3965.9359914478437,3960.871098885012,3948.3768381733257,3945.4787629775055
300,4461.36124681965,4160.461259278568,4151.730366426225,3993.3267350370047,3965.9359914478437,3960.82341106034,3948.3768381733257,3943.828009778253
301,4461.285909129611,4163.921185771505,4147.705154768643,3994.3397760335315,3964.779297065968,3960.82341106034,3948.3768381733257,3945.433192065216
302,4481.109498989621,4182.205372480359,4147.123220851663,3994.3397760335315,3964.779297065968,3957.399391645234,3948.3768381733257,3945.433192065216
303,4502.365249210571,4191.801878719974,4147.671129960865,3994.3397760335315,3964.779297065968,3957.7070200251947,3947.4060621607828,3945.433192065216
304,4504.5577802816715,4164.89681748926,4147.671129960865,3994.3397760335315,3964.291737483799,3957.7070200251947,3947.4060621607828,3945.433192065216
305,4539.836206315198,4183.452399207035,4147.671129960865,3994.3397760335315,3964.291737483799,3957.7070200251947,3947.4060621607828,3945.2346309826944
306,4539.451309206992,4184.3855461272415,4147.671129960865,3994.3397760335315,3964.779297065968,3957.567375893893,3947.4060621607828,3945.2346309826944
307,4558.682150750627,4183.452399207035,4146.806539796354,3994.3397760335315,3964.3892795316196,3957.1393329329208,3947.4060621607828,3945.2346309826944
308,4594.150473133832,4165.274295343139,4142.841446615594,3994.3397760335315,3964.779297065968,3957.1393329329208,3947.0514970929903,3945.1149640682825
309,4614.717152911693,4164.995853196794,4142.841446615594,3994.3397760335315,3964.592324083114,3957.026445479441,3946.9363849173074,3945.1149640682825
310,4591.303394284275,4164.58493911069,4103.338602151324,3997.5342249942055,3964.5804641130053,3957.1393329329208,3946.9363849173074,3942.588576722104
311,4589.591226908895,4158.527130014558,4103.051808131788,3997.5342249942055,3964.5804641130053,3957.1393329329208,3946.9363849173074,3942.588576722104
312,4574.507927220898,4165.274295343139,4100.726386051758,3993.826098547883,3964.5804641130053,3957.1393329329208,3946.9363849173074,3942.588576722104
313,4574.507927220898,4174.52124721742,4101.013180071293,3993.826098547883,3962.9043710421292,3957.1393329329208,3946.9363849173074,3942.588576722104
314,4611.895455479632,4176.349016310411,4103.338602151324,3993.826098547883,3962.8846921696445,3957.1393329329208,3946.7751311738425,3941.4851133487955
315,4634.7333187934455,4176.349016310411,4103.236757012448,3993.826098547883,3962.6977191867904,3957.1393329329208,3946.7751311738425,3941.4851133487955
316,4534.539238259996,4176.349016310411,4103.577295573315,3993.826098547883,3962.6977191867904,3957.1393329329208,3946.768432585535,3941.4851133487955
317,4487.205033638276,4176.349016310411,4101.493506303192,3993.826098547883,3962.8846921696445,3957.1393329329208,3946.6071788420704,3941.4851133487955
318,4556.675663728853,4176.349016310411,4101.493506303192,3993.826098547883,3962.8846921696445,3956.8380813988233,3946.6071788420704,3941.4851133487955
319,4515.229050090474,4176.349016310411,4101.493506303192,3993.826098547883,3962.8846921696445,3956.391838042676,3946.6071788420704,3941.4851133487955
320,4523.599283736723,4191.144341914356,4101.150923663041,3992.7489734317414,3962.8846921696445,3957.1393329329208,3946.6071788420704,3941.4850766928153
321,4530.096594782479,4197.3855239120085,4101.150923663041,3992.676157900551,3962.8846921696445,3957.1393329329208,3946.3583134958194,3941.4850766928153
322,4467.795243787594,4236.501241518613,4101.150923663041,3992.7489734317414,3962.8846921696445,3957.1393329329208,3946.3583134958194,3941.4850766928153
323,4466.805291910167,4267.382487458343,4101.150923663041,3992.7489734317414,3962.988948766734,3957.1393329329208,3946.3583134958194,3941.389056223511
324,4437.774642617164,4272.618502637263,4101.150923663041,3992.7489734317414,3962.6977191867904,3957.1393329329208,3946.3583134958194,3941.389056223511
325,4447.0228341365855,4276.854820734953,4106.891999527148,3992.125770762385,3962.6977191867904,3957.1393329329208,3946.266465570233,3941.389056223511
326,4488.495207957254,4228.924628194191,4102.837376927105,3992.125770762385,3962.6977191867904,3957.1393329329208,3946.266465570233,3941.389056223511
327,4441.3991652960185,4207.781505139543,4105.5506806987105,3992.125770762385,3962.498022624025,3957.1393329329208,3946.266465570233,3941.386311270108
328,4451.482619052542,4219.635957117209,4100.923890495304,3992.125770762385,3962.498022624025,3957.1393329329208,3946.266465570233,3941.386311270108
329,4463.976059512231,4191.367246882748,4100.923890495304,3991.593618604932,3962.498022624025,3955.933788124866,3946.266465570233,3941.386311270108
330,4422.225321055288,4179.691661016382,4100.923890495304,3991.593618604932,3958.17598254269,3955.6536898157115,3945.8907243873905,3941.386311270108
331,4472.956158440515,4179.691661016382,4100.826095297906,3992.703337338544,3958.17598254269,3955.6536898157115,3945.8907243873905,3940.3647984125146
332,4434.667278089957,4183.615865856164,4097.331158639049,3995.8653336316606,3958.17598254269,3955.6536898157115,3945.7988764618044,3940.3647984125146
333,4455.504515109611,4167.113361497786,4107.1498824100445,3992.171185181091,3958.17598254269,3954.751094985219,3945.6489112722033,3940.3647984125146
334,4447.9811807308815,4167.113361497786,4116.502534643054,3992.096262731391,3958.159129055381,3954.751094985219,3945.6489112722033,3940.3647984125146
335,4447.9811807308815,4141.353057946229,4111.803134872722,3992.239902440077,3958.17598254269,3954.4495459625064,3945.6489112722033,3939.0028125542203
336,4450.897193385184,4164.926760158601,4100.923890495304,3992.239902440077,3958.159129055381,3954.4495459625064,3945.6489112722033,3939.0028125542203
337,4477.658878844709,4141.353057946229,4100.589598182446,3992.239902440077,3958.159129055381,3954.4495459625064,3945.6489112722033,3939.0028125542203
338,4492.509366230676,4159.267062266596,4100.423427331958,3992.073515475259,3957.8134545785124,3954.4495459625064,3945.6489112722033,3939.0028125542203
339,4451.328216685526,4145.494414041703,4096.995619778808,3992.073515475259,3957.8134545785124,3954.413065707355,3945.6489112722033,3938.928615331762
340,4480.353990970251,4141.353057946229,4099.969285601699,3992.073515475259,3957.8134545785124,3954.413065707355,3945.627768642026,3938.928615331762
341,4533.139411928062,4154.54021966993,4096.146259309666,3992.073515475259,3957.8134545785124,3954.413065707355,3945.627768642026,3938.9224310960385
342,4458.184832077878,4154.54021966993,4094.6707502174786,3992.073515475259,3957.8134545785124,3954.413065707355,3945.627768642026,3938.9224310960385
343,4508.021490123617,4144.447011042994,4087.9107667673406,3990.8315211233808,3955.3421280713524,3954.3700688634276,3945.627768642026,3938.84823387358
344,4483.740718633677,4164.869823230692,4087.936413381766,3990.8315211233808,3955.3421280713524,3954.1127286605397,3945.627768642026,3938.84823387358
345,4469.130895731507,4160.658409487287,4106.388378968299,3989.856014481908,3955.3421280713524,3954.069731816612,3945.627768642026,3938.84823387358
346,4379.412640661545,4160.658409487287,4106.388378968299,3990.8315211233808,3955.3421280713524,3954.413065707355,3945.627768642026,3938.84823387358
347,4328.431965755077,4166.918702750003,4100.833088482058,3989.856014481908,3955.3421280713524,3954.413065707355,3945.627768642026,3938.84823387358
348,4328.431965755077,4147.132489170456,4096.146259309666,3989.856014481908,3955.3421280713524,3954.413065707355,3945.627768642026,3938.7756551119614
349,4371.114370993004,4158.197687054351,4094.725078872824,3989.823009811666,3955.305590197294,3953.313056377703,3945.627768642026,3938.7756551119614
350,4356.987433364451,4147.172672565741,4097.868382540857,3989.823009811666,3955.305590197294,3953.313056377703,3945.627768642026,3938.7756551119614
351,4365.397039924314,4143.2656113908615,4097.868382540857,3989.823009811666,3955.305590197294,3953.5840439493754,3945.627768642026,3938.7395397680475
352,4359.292080984746,4147.172672565741,4097.868382540857,3989.823009811666,3955.305590197294,3953.5840439493754,3945.627768642026,3938.7395397680475
353,4393.183109992874,4128.125827114742,4096.455180821989,3989.823009811666,3955.305590197294,3953.5840439493754,3945.627768642026,3938.155170602814
354,4405.655218941824,4120.506157679691,4100.2126509805785,3989.3282057457814,3955.305590197294,3953.5840439493754,3945.570046356198,3938.155170602814
355,4416.9166410502785,4128.125827114742,4100.2126509805785,3989.3282057457814,3955.305590197294,3953.313056377703,3945.570046356198,3937.9942373023005
356,4388.953083957988,4130.739240789293,4099.016534321083,3989.3282057457814,3955.305590197294,3953.313056377703,3945.570046356198,3937.6505808508705
357,4440.14378254399,4137.528031981128,4099.016534321083,3989.3282057457814,3954.013186873572,3953.5840439493754,3945.562417717179,3937.6505808508705
358,4411.089236614846,4180.935739710475,4090.5166299632688,3989.3282057457814,3955.305590197294,3953.5840439493754,3945.5046954313507,3937.4880285590198
359,4369.007791417635,4173.460200378488,4090.5166299632688,3989.3282057457814,3953.819080009685,3953.5840439493754,3945.5046954313507,3937.4880285590198
360,4371.257587104792,4177.9552030468885,4094.4204594999683,3990.5770693030886,3953.52688225368,3953.5771395664733,3945.5046954313507,3937.4880285590198
361,4371.257587104792,4166.857851893909,4094.4204594999683,3988.4834886049503,3952.747698580046,3953.5771395664733,3945.4822418089834,3937.38455771696
362,4371.257587104792,4166.857851893909,4093.9636909148157,3987.234625047643,3953.52688225368,3953.5771395664733,3945.4822418089834,3937.38455771696
363,4373.0835501378915,4166.857851893909,4126.72785610071,3986.375135507801,3953.52688225368,3953.5771395664733,3945.4822418089834,3937.38455771696
364,4332.08213406186,4145.892952229487,4122.442123583952,3986.375135507801,3953.52688225368,3953.5581028867664,3945.479749541487,3937.38455771696
365,4325.862197698823,4150.015651246573,4093.9636909148157,3987.234625047643,3952.9604096358803,3953.281876092647,3945.479749541487,3937.38455771696
366,4388.059323729984,4155.2527038128765,4110.830368169378,3986.375135507801,3952.66027979732,3953.281876092647,3945.479749541487,3937.38455771696
367,4358.4835074350685,4159.238159168189,4113.243088015239,3985.1601483852783,3952.26622444204,3952.961920889946,3945.479749541487,3937.38455771696
368,4415.552135766904,4155.2527038128765,4108.815359095858,3985.0841169013584,3952.26622444204,3952.9404780826353,3945.479749541487,3937.3606579277844
369,4385.658326702081,4153.929479361133,4108.815359095858,3985.046665896309,3952.26622444204,3952.9428842102393,3945.479749541487,3937.044661326981
370,4369.651577149112,4145.072196630109,4102.553388232815,4002.8272277414826,3952.26622444204,3952.9428842102393,3945.479749541487,3937.044661326981
371,4424.239501155559,4142.76592334019,4113.363586351667,4001.7323203566602,3952.26622444204,3952.7105040085075,3945.420523577671,3937.044661326981
372,4392.8223159964045,4142.619275661158,4115.263998451253,4002.8272277414826,3952.26622444204,3952.7105040085075,3945.420523577671,3937.044661326981
373,4392.523439719551,4149.208066618303,4103.085326126704,4002.8272277414826,3951.629941468726,3952.691467328801,3945.479749541487,3937.044661326981
374,4392.523439719551,4149.208066618303,4103.693720601928,4002.8272277414826,3951.0634688509263,3952.305601440677,3945.440375433082,3937.044661326981
375,4411.941666480236,4156.395412236823,4103.693720601928,4002.8272277414826,3951.0561279763615,3952.7105040085075,3945.440375433082,3937.044661326981
376,4348.141167356148,4159.122057323788,4100.714240225668,4002.8272277414826,3951.0561279763615,3952.8263887915887,3945.440375433082,3937.044661326981
377,4404.934418422442,4153.282064590195,4105.992588743639,4002.8272277414826,3951.0561279763615,3952.7535707545453,3945.440375433082,3937.044661326981
378,4404.934418422442,4152.241819184303,4100.714240225668,4002.8272277414826,3951.0634688509263,3952.7535707545453,3945.440375433082,3937.044661326981
379,4404.934418422442,4151.263013249893,4087.0384804111577,4013.25022387356,3951.0634688509263,3951.584416425528,3945.440375433082,3937.044661326981
380,4404.934418422442,4135.519666343137,4087.0384804111577,4002.8272277414826,3951.0634688509263,3951.584416425528,3945.440375433082,3937.044661326981
381,4404.934418422442,4135.519666343137,4087.0384804111577,4000.5966643929833,3951.0634688509263,3951.1240010034144,3945.3785547751886,3936.9657315578525
382,4391.0704467502255,4135.519666343137,4097.517040422117,4000.5966643929833,3951.059332347454,3951.1240010034144,3945.440375433082,3936.9657315578525
383,4371.763467511833,4163.072733320013,4088.590783808272,4000.5966643929833,3950.4640070130977,3951.1240010034144,3945.3785547751886,3936.80891344562
384,4365.1030443428735,4163.072733320013,4116.816807168166,4000.5966643929833,3950.4640070130977,3951.1240010034144,3945.3785547751886,3936.80891344562
385,4394.094709102942,4171.612962844897,4087.0384804111577,4013.062648863158,3950.4640070130977,3951.1240010034144,3945.3785547751886,3936.80891344562
386,4421.56529383029,4171.612962844897,4092.0178667832274,4013.062648863158,3950.4640070130977,3951.1240010034144,3944.9119842872974,3936.80891344562
387,4431.521045894435,4157.184156662262,4087.0384804111577,4013.062648863158,3950.4640070130977,3951.1240010034144,3944.9119842872974,3936.80891344562
388,4431.521045894435,4155.723958705375,4108.4786120992185,4013.0553871191605,3950.4640070130977,3951.1240010034144,3944.7517464468897,3936.80891344562
389,4390.957899232137,4157.184156662262,4111.149266449194,4013.0553871191605,3950.4640070130977,3951.1240010034144,3944.7517464468897,3936.5848546638977
390,4405.393758725493,4191.372678220225,4111.149266449194,4013.0553871191605,3950.4640070130977,3951.1240010034144,3944.7517464468897,3936.5848546638977
391,4445.926390362452,4171.01578316235,4109.902049513178,4013.0553871191605,3950.4640070130977,3951.1240010034144,3944.7517464468897,3936.5848546638977
392,4386.707226036552,4171.01578316235,4105.536833750736,4013.0553871191605,3950.4640070130977,3950.9200595524803,3944.7517464468897,3936.5762672017177
393,4394.297889653665,4181.439540599442,4105.323655956818,4013.0553871191605,3950.4640070130977,3950.9200595524803,3944.7517464468897,3936.5848546638977
394,4357.56779909148,4154.83990874961,4101.616123498515,4013.0553871191605,3950.4640070130977,3950.893213015152,3944.729841205529,3936.5848546638977
395,4357.56779909148,4155.709664428324,4103.3848998274,4013.0553871191605,3950.4640070130977,3950.9200595524803,3944.729841205529,3936.5848546638977
396,4405.060369424884,4155.746680318387,4096.986626389753,4013.0553871191605,3949.7826599943696,3950.204938363274,3944.729841205529,3936.5848546638977
397,4429.334874858706,4160.099706189833,4096.986626389753,4013.0553871191605,3949.7826599943696,3949.393996828176,3944.729841205529,3936.5848546638977
398,4400.34886500519,4163.7792003449695,4089.0138751666545,4013.062648863158,3949.7826599943696,3949.393996828176,3944.729841205529,3936.5848546638977
399,4400.34886500519,4162.99281271874,4089.0138751666545,4013.062648863158,3949.7826599943696,3949.393996828176,3944.7037858833987,3936.3943473210697
