"","UMAP_1","UMAP_2"
"Cell1",-7.46891168919557,13.1015607906079
"Cell2",-7.53123192158693,-2.10100654833557
"Cell3",20.3051099363232,5.0630585742688
"Cell4",0.456351894464555,-2.21611980669738
"Cell5",5.33103557261473,3.86863561398743
"Cell6",21.3010415616894,5.2800528598523
"Cell7",-21.8901663240527,4.14901514775513
"Cell8",2.38337536486632,-3.59012965433838
"Cell9",-0.220491495404181,-3.25603465311767
"Cell10",2.0118050161267,-4.21065930598022
"Cell11",-22.1486101564502,3.47548790700196
"Cell12",6.03103633555419,13.6815139842725
"Cell13",20.3763322416211,5.2972590518689
"Cell14",5.31009097727782,13.6911480022168
"Cell15",1.2236026111508,1.24357311851738
"Cell17",-8.00035909977907,13.4757692409253
"Cell18",5.6382641378308,14.1905834270215
"Cell19",0.431635994043413,-0.261421601703183
"Cell20",0.571520108308855,3.0236355853772
"Cell21",5.01801582011229,13.4701206279492
"Cell22",-21.9933710512256,4.28893991238831
"Cell24",0.366226601924959,-0.288620989253537
"Cell25",-21.7193384584522,4.40054674870728
"Cell26",0.399265188303056,-1.60975698702575
"Cell27",-4.80868582097047,-15.6370218204761
"Cell28",-16.3293333467578,-0.150380592277066
"Cell29",0.908883589830461,3.47395725972412
"Cell30",-0.182490166697439,-3.19175152056457
"Cell31",5.74074121150023,13.8231079173779
"Cell32",-21.5972414430713,3.66453691251038
"Cell33",1.07234247359282,1.04557495243309
"Cell34",1.16766102942473,0.971030001113399
"Cell35",5.16832729014403,13.8966571880078
"Cell36",11.9365253034497,-3.47949294321777
"Cell37",0.430628288116518,-1.77230409853698
"Cell38",1.34363527926451,0.753176618883594
"Cell39",1.142846900549,2.86933847195862
"Cell40",5.6094235959912,14.2031948161816
"Cell41",5.57567687663085,4.43460126645325
"Cell42",-0.162772175345358,-0.723022739818112
"Cell43",2.05480809840209,-3.93843678705932
"Cell44",-7.84314398137086,-1.56858090632202
"Cell45",5.97762723597533,4.05555578000306
"Cell46",-0.156127114269671,-1.82007364504577
"Cell47",1.42152364882475,-17.9610059665942
"Cell48",-7.54769996968263,13.3832733226514
"Cell49",5.84165855082518,3.44897623784302
"Cell50",-4.93064312306398,-15.839980881145
"Cell51",-16.7289133485889,0.0491909576153599
"Cell52",1.75683160456664,-17.1476686405444
"Cell53",-8.15287880269044,-2.22481898539306
"Cell54",0.495706874456468,-2.16189293139221
"Cell55",-7.66188482609743,-1.35718230479004
"Cell56",-20.9942923006152,4.01110835797547
"Cell57",-16.8176355775928,-0.016521375110165
"Cell58",1.36490793856627,-17.4947927402759
"Cell59",1.39281352194792,1.05153538710831
"Cell60",1.43917949828154,-17.8611963199878
"Cell61",2.40057440432555,-3.95941380732299
"Cell62",5.97045322093016,13.7977401805615
"Cell63",6.13879438075072,3.61895676381348
"Cell64",1.19890733393675,2.57266195542572
"Cell65",1.53973813685423,0.433561225006565
"Cell66",12.1989974561597,1.86725648171662
"Cell67",-0.158567149612841,-3.37136296503784
"Cell68",5.34443946513182,14.1589500499463
"Cell70",1.94772406252867,-3.55088452570678
"Cell71",0.349152225580278,-0.922694723536984
"Cell72",-21.642367404375,4.33533449895142
"Cell73",-0.236684482965407,-2.93723611109497
"Cell74",1.91961784991271,-17.8300569462085
"Cell75",21.22919364604,5.86683007008789
"Cell76",1.58683307799346,-17.9176633762622
"Cell77",-8.0566149171924,-0.797256867816464
"Cell79",-21.1144361909961,3.39295693166016
"Cell80",-21.0482683595752,3.4000582290387
"Cell81",1.85982926520354,-17.6425512241626
"Cell82",5.94150443705565,3.57736869580506
"Cell83",-16.008261722002,0.0811715317463718
"Cell84",0.840969223108354,2.65007372624634
"Cell85",-21.6979895052051,3.44712134129761
"Cell86",-7.79661087361329,-1.34277824633361
"Cell87",1.82914777430541,-3.51668767206909
"Cell88",5.86832090052611,3.97403498418091
"Cell89",-4.14680342045778,-15.7945211338306
"Cell90",5.04955907496459,14.0881969524121
"Cell91",5.93833060893065,3.853072602818
"Cell92",-7.52953438130372,13.3005401683545
"Cell93",2.14599128397948,-17.5044725345874
"Cell94",-7.4800506052112,-1.45162085764648
"Cell95",2.52306361826903,-4.0826442646289
"Cell96",4.90635915431029,13.5153209758496
"Cell97",-7.99154190388673,-2.27478079073669
"Cell98",2.31089611681944,-17.5948980259204
"Cell99",12.0721139493848,1.82828183896302
"Cell100",-8.01895765629762,-2.2175741600299
"Cell101",-8.29255585041994,-1.91703752749206
"Cell102",-16.6143808778858,0.055606503555759
"Cell103",0.659509677019182,1.09595670230149
"Cell104",11.5956039014722,1.61843879945038
"Cell105",-0.314844232473311,-2.74976758234741
"Cell106",1.11171730193144,2.72843619115113
"Cell107",11.7858590665723,2.10612507588623
"Cell108",20.4463376584912,5.29140444524048
"Cell109",0.609210986223284,3.19906993634461
"Cell110",0.88533087405211,1.16652812487839
"Cell111",20.6861047330762,5.2761203838086
"Cell112",1.04456992777831,2.92516942746399
"Cell113",0.286236274566713,-0.535558025767819
"Cell114",12.4294318738843,-3.63494567148925
"Cell115",-7.54944662419313,-2.11380628817321
"Cell116",-15.9828701433277,-0.207189361979977
"Cell117",21.4410447660351,5.64098950154541
"Cell118",20.6932248655224,5.58352823979615
"Cell119",-0.28004718986505,-3.45356158488037
"Cell120",-0.0320780085881918,-2.79451827280761
"Cell121",-21.9710646089649,3.84112783200501
"Cell122",-0.0292022372146814,-3.38495806925537
"Cell123",0.898244577970567,2.96746345288514
"Cell124",-4.67849020329469,-15.7846620487476
"Cell125",-16.0693598207568,-0.281568806102292
"Cell126",-7.40283684102052,13.0313465190625
"Cell127",-15.9215813097095,-0.377767007281796
"Cell128",12.4311685148144,1.45326658017395
"Cell129",2.10150976809508,-17.3679311680103
"Cell130",-6.97338871327394,13.1462919307446
"Cell131",-7.25002626744264,13.0146057201123
"Cell132",-8.3053074297046,-2.12769345515014
"Cell134",-6.90079359379762,13.4536077571606
"Cell135",-4.92994551030153,-15.6626298832202
"Cell136",-7.93865589467042,-2.22498730890991
"Cell137",-7.92648271885866,-1.20689968340637
"Cell138",12.2069215360547,-3.12476400606872
"Cell139",-20.8458128389453,3.62504478223084
"Cell140",20.758324581709,4.84264250523804
"Cell141",-0.195025247011122,-0.76393262617828
"Cell142",12.2496995511914,1.61994339949845
"Cell143",12.1531858030224,-3.10204533808471
"Cell144",12.3809928480054,-3.77056388132812
"Cell146",-21.1516580995654,3.70699949986695
"Cell147",0.487227279272142,2.82388802296875
"Cell148",-7.531753581438,-1.22082571261169
"Cell149",-7.8183598932361,13.6140176845288
"Cell150",12.5266522947217,1.45412041671036
"Cell151",2.49019690188414,-3.33095769160034
"Cell152",-7.96155456868165,-1.5847948002124
"Cell153",1.35604735049254,-16.9020250248218
"Cell154",5.77927823695189,13.6461364818311
"Cell155",12.5158252302075,-3.16604046099426
"Cell157",20.63886161479,5.71630640752076
"Cell158",0.174763027157846,-0.776921193530575
"Cell159",1.0939685884381,0.662453849384769
"Cell160",-16.4496584352588,-0.51799027197601
"Cell161",-16.1214247163867,-0.589160721232907
"Cell162",-21.4147901949024,4.4099778724408
"Cell163",20.3717298093701,4.88698454625367
"Cell164",-0.551151734266218,-2.95976833575012
"Cell165",4.89512677821166,13.3746196819043
"Cell166",-4.78133062687868,-16.3665159153247
"Cell167",-21.2624693330859,4.01445694691895
"Cell168",1.43595488699919,0.260299105713352
"Cell169",-4.39326862660402,-15.5812890934253
"Cell170",0.412739354696336,-0.740419666697995
"Cell171",-16.0891790804004,0.493805517027362
"Cell172",-4.88013271656984,-15.9634473728442
"Cell173",-21.1609087404346,4.15810628659485
"Cell174",11.8834199491406,-3.69113902323486
"Cell175",4.89479251536376,13.6501333308911
"Cell176",-0.295206081542906,-3.04900006525757
"Cell177",0.991409141149584,2.88998361356018
"Cell178",2.23040600451476,-17.3304498600269
"Cell179",0.611722129907671,1.50679625994919
"Cell180",21.492133099165,5.6784731937146
"Cell181",0.250217426147524,-2.52496079676391
"Cell182",-8.54858211842531,-1.72801546328308
"Cell183",-0.586739879522261,-2.82617429964782
"Cell184",1.38612099322325,1.27417077548264
"Cell185",1.9291736665631,-4.07100800745727
"Cell186",2.35692806872374,-4.06360844843628
"Cell187",1.02010210188872,1.38916190392731
"Cell188",12.6476707044507,-3.39668683283569
"Cell189",-7.86823229161256,-1.71688226931335
"Cell191",0.0417270097399385,-0.865199367930905
"Cell192",5.31618161829955,4.09852762944458
"Cell193",-21.1278219637012,3.45237870938538
"Cell194",-0.435820263299879,-2.36618499033691
"Cell195",-8.10928253499025,-0.949966471126095
"Cell196",-7.77192835179323,13.280003745625
"Cell197",-4.51459173527711,-16.0242956089282
"Cell198",-15.9657850679492,-0.464469592502133
"Cell199",1.73304863604552,-17.5696256565356
"Cell200",11.6096934858227,1.82891984708069
"Cell201",5.72507520350463,4.0850700927472
"Cell202",20.9146813932324,4.77054329640625
"Cell203",12.0170898023511,2.07084687478302
"Cell204",-21.8611727174854,3.73558588750122
"Cell205",5.43694968852049,3.47808881528138
"Cell206",5.3716682973767,14.1440164638257
"Cell207",0.637413996782366,-0.31012574904205
"Cell208",-22.066813510332,3.9605719638562
"Cell209",0.046503085222307,-2.78317765467407
"Cell210",2.3795914235974,-3.52945546381714
"Cell211",5.505599934187,3.33416338689087
"Cell212",5.27355523737914,13.5945846629834
"Cell213",20.845591503706,5.6096632076001
"Cell214",5.24053950938231,4.15800543553589
"Cell215",1.20527287158019,3.32020135648011
"Cell216",2.00691147479064,-17.3523309635425
"Cell217",-16.1114798006152,-0.50839165919067
"Cell218",-0.018292684528765,-3.55224351160766
"Cell219",-21.0432596620654,4.05363984830139
"Cell220",-6.88086513844484,13.3978464198804
"Cell221",5.20364375742919,13.8361551357007
"Cell222",0.654924768533769,2.93395777470826
"Cell223",4.93391795786864,13.7928525996899
"Cell224",-7.5958199915027,-1.19112912886383
"Cell225",12.2991952482129,-3.26254824869873
"Cell226",-4.89171652165407,-16.0141542362476
"Cell227",-21.3913565095996,3.32126494176148
"Cell228",-16.5265798982715,-0.618205468585507
"Cell229",11.5231866422558,2.05965669877289
"Cell230",1.51777167948729,0.533225019047245
"Cell231",11.7293481412793,-3.26878241770507
"Cell232",1.978993136015,-4.23792962305786
"Cell233",5.66726966532713,13.5821582866406
"Cell234",1.18267436656004,0.502915639946445
"Cell235",-0.360892575654921,-3.03999428026916
"Cell236",0.98982580336577,0.400798429319843
"Cell237",5.22385402354247,14.067037780354
"Cell238",0.0501731220150621,-2.92273191683532
"Cell239",11.953595120039,-3.27119759791137
"Cell240",-0.0731268678342669,-3.40706137888672
"Cell241",1.19390924605376,2.59315033681153
"Cell242",20.8346585813428,4.76368113286255
"Cell243",2.11350532206542,-17.0865533756519
"Cell244",21.323618847456,5.61207314259766
"Cell245",-4.88831095067018,-15.9072893070483
"Cell246",12.362343746748,-3.21340636484863
"Cell247",-16.412652057085,0.36179118282555
"Cell250",0.278843182649675,-2.75134400599243
"Cell251",-20.9050875124072,3.8016957832074
"Cell252",0.0291750464106233,-2.76950148813965
"Cell253",5.61019511851317,3.40489049679993
"Cell254",1.92912336024291,-17.6139123844409
"Cell255",12.1160096708203,2.04742773301361
"Cell256",5.04929299983031,13.7412845683789
"Cell257",20.8831452909375,5.65804453618286
"Cell258",20.3684663358594,5.52435560948609
"Cell260",-20.9407453950977,3.72556968457459
"Cell261",5.77533002528197,13.6539051128125
"Cell262",1.60075290831572,-3.63740948908569
"Cell263",1.78542228373534,-3.94301633112671
"Cell264",-7.88658098546022,-1.34696845286132
"Cell265",2.44689841898924,-3.7665665554309
"Cell266",6.06551309260375,4.05605097539185
"Cell267",5.90411086710936,13.9218513560986
"Cell268",-7.87148336735719,-2.0194187568927
"Cell269",5.06391997965819,13.7868339610791
"Cell270",0.516370135870043,-0.435840408732907
"Cell271",-0.387284826908049,-0.942764918735043
"Cell272",-16.2025366243457,0.246591348717197
"Cell273",-21.5375223573779,3.61431284672974
"Cell274",5.49033589991576,3.66907711751221
"Cell275",0.29725389513022,-0.157470266749875
"Cell276",5.12271495493895,13.3800861430859
"Cell277",-8.2568045076465,-1.52167729609253
"Cell278",2.04824205073363,-3.26548032038452
"Cell279",1.02503855856902,-3.03123263590576
"Cell280",0.335615563716951,-2.70866040461303
"Cell281",2.16628714236266,-17.6140191959644
"Cell282",20.805838543501,5.2079994273877
"Cell283",-4.62289862004274,-15.4125783848071
"Cell284",1.10645361575133,1.518205125401
"Cell285",-15.9781198915576,0.294625539848789
"Cell286",-7.48644356099122,13.0805666042065
"Cell287",5.91616149577147,4.38370342976807
"Cell288",0.73481043013579,2.90863891370056
"Cell289",-16.6652899202442,-0.00683848135711329
"Cell290",-7.03174499836915,13.5647842479443
"Cell291",-16.2652445253467,-0.509103577067868
"Cell292",-16.6204996522998,-0.230918328692929
"Cell293",6.07102866801268,4.06396742589234
"Cell294",6.08467574748046,3.85400744206665
"Cell295",-16.5425062593555,-0.429441850116269
"Cell296",20.8687657895947,5.12231369740723
"Cell297",11.5458888593579,1.27586512691735
"Cell298",11.9192361417676,2.14250322110413
"Cell299",11.9339170041943,1.37356450087784
"Cell300",5.3228082242871,13.9368631435132
"Cell301",-7.3462386545276,13.6564304424023
"Cell302",-21.41165451375,4.31955428845642
"Cell303",1.1355351987744,3.30278177983521
"Cell304",0.736631769266191,0.929702926943286
"Cell305",-21.9342470583057,3.60570069081543
"Cell306",2.39002724322325,-3.379513542583
"Cell307",6.171859699812,4.04402919537781
"Cell308",-7.82161192265504,13.5910369945264
"Cell309",-16.135230105791,0.269289214680179
"Cell310",2.24854417475707,-17.5633962559009
"Cell311",12.4436578336621,-3.6061833309436
"Cell312",-8.15922931996339,-0.885492603709713
"Cell313",1.98698444994933,-3.61990575068237
"Cell314",20.3282384458447,5.47186489827393
"Cell315",2.00825114878661,-3.68979529612304
"Cell316",12.2327270093823,-3.72713927500488
"Cell317",1.91323896082884,-3.25898770563842
"Cell318",-16.0249824937915,-0.644759099414364
"Cell319",-0.0380427510959773,-0.85303334467651
"Cell320",5.6012539449597,4.44392104871033
"Cell321",-21.189356845293,3.33624454266785
"Cell322",-7.0241647180652,13.554812629292
"Cell323",-7.4177570757007,13.4221593929028
"Cell324",2.18355723055846,-3.8460834430957
"Cell325",0.142744231548372,-2.23759226076843
"Cell326",-7.84118370381349,13.6616394115186
"Cell327",-7.99556164113038,-1.75942711107971
"Cell328",-7.95492987004274,13.6431629253125
"Cell329",-21.1630735811328,3.49417229420899
"Cell330",-4.74278597203248,-16.2489030765796
"Cell331",-7.5947647508716,13.3410446239209
"Cell332",2.34210129412657,-3.87544707529785
"Cell333",-7.96080974904054,-1.73734931223632
"Cell334",1.81694789561278,-3.9918730663562
"Cell335",1.87057538661009,-17.3525064396167
"Cell336",5.60163016947753,3.93344565160035
"Cell337",-8.11626152363771,-1.53724650614502
"Cell338",-0.470711004409727,-2.54545668833496
"Cell339",5.43791862162596,14.1203033519482
"Cell340",-7.99371055928224,13.3666793895459
"Cell343",1.3377008024121,-3.6854503559375
"Cell344",5.73741527232176,13.7680856776929
"Cell345",5.37944217356688,4.23525639302491
"Cell346",-16.3959742006397,-0.168354670932309
"Cell347",2.25608082446105,-17.8110254215503
"Cell348",6.06398626002318,3.65658827550171
"Cell349",6.00339742335326,4.32237668759583
"Cell350",0.14820267590529,-2.42029718630554
"Cell352",11.9021749082471,-3.05601743929626
"Cell353",-0.66256574955934,-3.41544369929077
"Cell354",21.0961980405713,4.87954111821411
"Cell355",-7.70005850163454,-0.968955914905087
"Cell356",5.41407151850707,3.77683134801148
"Cell357",-4.8740821298694,-15.7484624790454
"Cell358",21.1353120389844,5.38851757771729
"Cell359",11.4267348829175,1.82876427895783
"Cell360",-16.2095117982959,0.220311005184635
"Cell361",11.8756799283887,1.33105667359589
"Cell363",0.194271344270769,-3.37112693064453
"Cell364",1.8342142883206,-3.74746636622192
"Cell365",-0.570000987920698,-2.91768650286438
"Cell366",-8.20334247914308,-1.1648387121463
"Cell367",-21.132809680376,3.90644641644715
"Cell368",0.561825293626848,2.98752589947937
"Cell369",-16.5232782777881,-0.358400504519955
"Cell370",21.188557583418,5.7768528056836
"Cell371",-20.9292250093555,3.49512120015381
"Cell372",0.880308646287981,0.793745291004165
"Cell373",21.4323300901318,5.62564631230591
"Cell374",-21.679326098833,4.3134944034314
"Cell375",1.01327844294554,3.42567106015442
"Cell376",1.875885922041,-3.93288258784057
"Cell377",-16.6034117158984,0.396404225895389
"Cell378",0.886730510320726,3.31550880200623
"Cell379",-4.68027738896364,-16.272187988689
"Cell380",5.58524938258177,14.0946819377637
"Cell381",-7.3954592165088,-1.62905291788818
"Cell382",0.764692741956774,2.38298567063568
"Cell383",1.39578076037413,-17.2510946201587
"Cell384",5.43598504694945,3.88711400754212
"Cell385",1.58303709658629,0.318934340546115
"Cell386",-21.6793852266406,4.38628168828247
"Cell387",5.23544641169554,3.86320348508118
"Cell388",20.9118852201367,4.97291489369629
"Cell389",-4.44980100956911,-15.3499849247241
"Cell390",1.4041310134793,-17.3192937778735
"Cell391",0.741034227933946,-1.11694983713867
"Cell392",12.2781638685132,1.68361373669861
"Cell393",11.823021847334,1.88588197953461
"Cell394",12.6697959485913,-3.53228167765381
"Cell395",-7.31925443974489,-1.85991553538086
"Cell396",-8.36678604451173,-2.03386787646057
"Cell397",0.958947140302721,2.94723840481995
"Cell398",0.434548634615007,-3.22302035563232
"Cell400",20.3043660703564,5.4117929530835
"Cell401",-7.60599808064454,-1.28784231417419
"Cell402",0.682352918710771,2.55413027531861
"Cell403",5.04464812907225,13.6383344722485
"Cell404",2.72152586611754,-3.83209017985107
"Cell405",1.21865852507598,-0.0279348301196255
"Cell406",0.705874103632036,3.0704090190625
"Cell407",1.63423510226256,-17.2050378727222
"Cell408",-8.27534584370607,-1.67220143549682
"Cell409",1.51507278117186,0.805247077768876
"Cell410",11.5363416257764,1.40644880063294
"Cell411",-16.1884355959033,0.000303049156650137
"Cell412",-8.26349167195314,-2.15786532633545
"Cell413",-21.4945822176074,3.71676035649536
"Cell414",-0.254067819986281,-0.796730201175229
"Cell415",11.990686375227,2.16698523289917
"Cell416",20.9204797330762,5.44703026540039
"Cell417",2.46901746424681,-3.05305294268371
"Cell418",6.19384189280516,3.88124700314759
"Cell419",-8.08879856434816,-2.1504629062915
"Cell420",-7.91090921727174,-1.44774417155029
"Cell421",2.27256818446166,-3.65510491602661
"Cell422",0.187313291754785,-1.89549760096313
"Cell423",11.6117705884839,2.08084698445557
"Cell424",11.907603222456,1.65208794600724
"Cell425",-8.05735306111329,-0.946062962939755
"Cell426",12.1179999891186,1.36385889775513
"Cell427",5.8276910367871,4.23474283940552
"Cell428",0.846997517671648,-0.4041649507785
"Cell429",0.591885108079973,0.731781852016433
"Cell430",0.479652482595506,-3.35665063135864
"Cell431",1.30667360457427,0.30902822739838
"Cell432",1.40962513121611,0.893631894657596
"Cell433",20.8400849882031,5.36694689519165
"Cell434",1.94293065699584,-3.26111392252685
"Cell435",-4.69675211277955,-16.0081670688892
"Cell436",-16.1340341981983,0.468531717131122
"Cell437",1.07309384974486,2.54220529324768
"Cell438",-7.38738588658327,-1.34226779215576
"Cell439",-4.19828228322023,-16.0057046818042
"Cell440",2.21666904124266,-3.23543338053466
"Cell441",-7.39046291676515,13.6006633830762
"Cell442",11.9561852994824,1.19244589335678
"Cell443",-21.0614481386279,3.89663596875428
"Cell444",-21.9126081880664,3.34070940739868
"Cell445",-21.3187284883594,3.63039394147156
"Cell446",-6.96739200917238,13.4308359218335
"Cell447",5.87367053660399,3.91404648549317
"Cell448",5.45004888209349,3.53878589398621
"Cell449",5.45021100672728,13.6821081233716
"Cell450",-0.385363232765135,-2.4101167129779
"Cell451",12.3802508893872,1.49213542468308
"Cell452",5.63664098414427,3.42296763188599
"Cell453",-7.48601822224611,13.7830040050244
"Cell454",-6.83661465016359,13.4846059871411
"Cell455",5.96517081889159,3.91339345700501
"Cell456",-7.13002733555787,13.3236352992749
"Cell457",20.9087190214062,5.75188275105713
"Cell458",2.17627902659422,-17.3095910953784
"Cell459",0.778475958433214,0.49778737551926
"Cell460",11.6996306959057,1.31861837632416
"Cell461",2.32173319491393,-4.11411504023315
"Cell463",-6.85250572529787,13.2531539989209
"Cell464",-21.9173021730518,3.89578839070557
"Cell465",-20.9242735323047,3.74089093930481
"Cell466",-7.51913456288331,-1.95862321131469
"Cell467",-21.8510961946582,3.51069327122925
"Cell468",-7.5678167757129,-2.11687402003051
"Cell469",1.34290536078459,-17.5506227421069
"Cell470",-7.78015951481813,-1.29951171152832
"Cell471",2.26215882929808,-17.6752736973071
"Cell472",1.42685146960265,0.811088986279651
"Cell473",-21.0323591646289,3.57555289990662
"Cell474",-21.9724340852832,4.20291658169983
"Cell475",12.1819047513867,-3.38837556116821
"Cell476",20.8731259885693,4.84921808964966
"Cell477",-16.6142206606006,0.111880083153232
"Cell478",0.0945541444683702,-0.973368565967099
"Cell480",-16.0366478380298,0.440652687618717
"Cell481",12.3002376142407,1.41870458848236
"Cell482",0.499977249231401,-1.43763856165649
"Cell484",-16.1395235475635,0.376321454117282
"Cell485",0.0749631706143052,-1.16670254938842
"Cell486",-7.7737231668567,-2.13847665064575
"Cell487",5.69069095286376,4.15724654919861
"Cell488",-0.502835493955549,-2.70171932451965
"Cell489",0.35137011441237,-0.718916456630246
"Cell490",6.12000890406615,3.75753446347473
"Cell491",-8.2926121172046,-1.36615733378173
"Cell492",1.2928256574536,-17.7191923069263
"Cell493",21.0095395627881,5.64910765416382
"Cell494",-4.51273207036012,-15.9776819156909
"Cell495",1.44111986788756,-17.0424631046558
"Cell498",12.1655072751904,1.6092370939946
"Cell499",-7.72717050877565,13.6677696300244
"Cell500",0.755527872171465,2.68543573148011
"Cell501",0.730761665430132,3.07231136090515
"Cell502",-4.53989748326295,-16.1760557102466
"Cell503",21.0750150266553,5.07236643559693
"Cell504",2.09038015040404,-2.80753950350525
"Cell505",1.22006698283202,-3.19784287684204
"Cell506",-8.1030540880298,-2.05006889574768
"Cell507",-8.10098842946046,-1.33350590937378
"Cell508",-16.1092958864307,0.00965328938721044
"Cell509",-16.2250299867725,-0.00902597182037013
"Cell510",-0.0230556879674761,-2.31441454165222
"Cell512",-7.53278641072267,13.2221843791699
"Cell513",-21.3957968172168,4.14294214970826
"Cell514",5.37798972758299,13.3790847850537
"Cell515",0.169741112318102,-3.31833104365112
"Cell516",-8.14722256031984,-1.05127100222351
"Cell517",5.741937119093,14.05355282552
"Cell518",-7.85389761296266,-1.69214014284851
"Cell519",0.235658842649523,-0.131411175658719
"Cell521",11.9598598066235,1.97737963921784
"Cell522",12.0594119611645,-3.57129601710083
"Cell523",-4.30596880284303,-15.990241806438
"Cell524",0.977882939901415,0.71604022807835
"Cell525",12.3793649259473,-3.00616983645202
"Cell526",-4.39395574894899,-16.0348928379321
"Cell527",21.0186051908398,5.05696221120118
"Cell528",5.2769712987805,13.8484556270337
"Cell529",12.3466357770825,-3.49815968744995
"Cell530",-0.0865859840547412,-2.72378591768982
"Cell531",1.54629274043089,-17.0156248020435
"Cell532",2.06548662814147,-4.25988082163574
"Cell533",-8.00731090870851,-0.869123618533627
"Cell534",5.90619035395629,3.85409351117371
"Cell535",-22.0695486482715,3.89481278187989
"Cell536",12.0193337980176,1.27356328494309
"Cell537",-21.509892505083,4.48623843915222
"Cell538",1.36542256506926,-17.4318025516772
"Cell539",1.5328226867581,-17.0640390323901
"Cell540",-0.0724843949561684,-3.14514736407043
"Cell541",0.301909464922014,-0.40353874438049
"Cell543",1.69937725695616,0.413820196459278
"Cell544",11.8606690946484,2.02292819745301
"Cell545",11.9854259076977,1.61712594754456
"Cell546",5.04254050883299,13.9872190547681
"Cell547",2.50480099352843,-3.51050595515014
"Cell548",12.1318578306103,-3.616161148479
"Cell549",12.375584560957,-3.75237349741699
"Cell550",1.76462729605681,-3.20948914759399
"Cell553",2.36839838656432,-4.16523102991821
"Cell554",0.897718626585069,0.0942567778324924
"Cell555",0.733702797021929,0.557462681601032
"Cell556",5.56393333109862,3.58502884633301
"Cell557",1.21544893416411,0.510967840025409
"Cell558",1.48506577643401,-3.61396912806274
"Cell559",-7.54794554081911,13.0381271434522
"Cell560",-8.00426296559328,-0.836540143420712
"Cell561",1.90053744944579,-17.2284238743091
"Cell562",11.8663529935742,1.38339044577835
"Cell563",5.89658160838133,3.94384713895081
"Cell565",-0.102619536641773,-0.714688103129879
"Cell566",-16.0547933992481,0.0965768290257297
"Cell567",1.36822219523436,0.998759050438388
"Cell568",2.19955392512328,-4.09702662699463
"Cell569",1.48741884860045,-17.8904893802905
"Cell570",-0.33084229794496,-2.40970401041748
"Cell571",-21.4761553224658,3.53360076672791
"Cell573",-21.2236032899951,3.4718207908368
"Cell574",5.2198071065808,13.9142505717969
"Cell575",11.9337548795605,1.36448587901352
"Cell576",21.2121343198682,5.31902666814087
"Cell577",11.5452842298413,2.04167302376984
"Cell578",1.47320326003081,-16.8985517429614
"Cell579",1.10216994914061,-3.24438885920288
"Cell580",1.02726216944701,1.16180132753609
"Cell581",-16.0224981721973,0.443695445129856
"Cell582",-7.63263229695314,13.2557699275708
"Cell583",20.8764466825391,5.12913246876953
"Cell584",0.656395513143602,2.43038662202118
"Cell585",5.72717948588378,14.0495121074414
"Cell587",2.07968922289855,-3.59417084925415
"Cell588",5.96207280787474,13.5481836391187
"Cell589",0.22200079592711,-2.41500024073364
"Cell590",11.9927348676587,-3.62110738032104
"Cell591",-16.1965246614551,0.381470013926014
"Cell592",0.813876468267503,2.4373718095517
"Cell593",0.452383208599153,2.85520811803101
"Cell594",5.00660367640502,13.94320126302
"Cell595",2.12854738863951,-3.01412920229675
"Cell596",-0.240215149197516,-2.57923940890075
"Cell597",-4.47770122853273,-15.8043783115649
"Cell598",20.490761715498,5.14087315327881
"Cell599",5.33159633311278,3.88262768513916
"Cell600",-7.52663711873048,13.6473619533276
"Cell601",-4.71939758625978,-16.2500150608325
"Cell602",11.8691443982983,1.46280779368637
"Cell603",-7.96069864598268,-1.17831043474914
"Cell604",-7.57477669087404,-1.819210808208
"Cell605",12.1454228940869,-3.7845485615039
"Cell606",12.0206126752759,-3.09130028956176
"Cell607",-7.55355552998537,13.1686517787671
"Cell608",1.66069265040404,-17.10292033427
"Cell609",2.71047993334776,-3.6852701114917
"Cell610",-8.20432285634035,-1.59851793520691
"Cell611",11.7734813276196,1.89379187352417
"Cell612",2.07854242953307,-17.7441022800708
"Cell613",12.1844014707471,2.20678873784302
"Cell614",-21.5314093050098,3.95274873502014
"Cell615",1.82299323710448,-17.7899988102222
"Cell617",11.7766036573315,1.2153812838292
"Cell618",21.5326337400342,5.71354981190918
"Cell619",-8.14870552388185,-0.818143646647946
"Cell620",-7.72287706700319,-1.01640443079712
"Cell621",11.8639478269482,-3.64699486963989
"Cell622",1.40627403887755,-17.3988111423755
"Cell623",-4.39346031514162,-15.714004318645
"Cell624",-16.4535913881397,0.286759395668491
"Cell625",1.90559669169432,-17.6755750583911
"Cell626",0.0614852640295656,-0.646806518962399
"Cell627",-4.51676420536989,-16.2215612339282
"Cell628",0.93317331704146,1.66017605788468
"Cell629",-7.40104536381715,13.2612583232617
"Cell630",-16.7092714723682,0.0136942458844028
"Cell631",0.0545394975209863,-2.32057432406189
"Cell632",0.934727388944689,2.83306523091553
"Cell633",20.427887875166,5.40918989903687
"Cell634",-0.105225820515093,-0.718762795856015
"Cell635",-16.3912058290576,-0.462459723880307
"Cell636",0.156610372986856,-0.563450138499752
"Cell637",1.96937246951109,-17.7735326694751
"Cell638",-7.1425352510547,13.3592474055981
"Cell639",-4.78462890950197,-15.5822008060718
"Cell640",11.7299184385205,1.53125633723496
"Cell641",-21.0446463045215,3.38566919095276
"Cell642",2.08196397456175,-3.77132872812988
"Cell643",1.06791372927672,3.3418888641095
"Cell644",-4.48773102131837,-15.6804330753589
"Cell645",1.05839892062193,3.19390912778138
"Cell646",11.4854888502026,1.83304675347565
"Cell647",1.85102422865874,-17.0364816593433
"Cell648",12.5727662626172,-3.54662589304687
"Cell649",5.68537803324706,13.5758163524365
"Cell650",5.8414563718701,4.46878691441773
"Cell651",12.6308135572339,-3.22375087015869
"Cell652",1.56970687541014,-17.4367597507739
"Cell653",5.76660009058959,14.179360587666
"Cell654",1.12489255103118,1.65723927743195
"Cell655",-21.7188501772022,4.42499275929688
"Cell656",5.57909150752074,4.04810615308045
"Cell657",-16.2824945863818,0.0492459130978428
"Cell658",11.8216085019971,-3.47546891443969
"Cell659",20.546259838667,5.0958544803357
"Cell660",0.944431203928056,2.48268588311432
"Cell661",11.7761306348706,1.55860163695572
"Cell663",-16.3904219087695,-0.446729581286923
"Cell664",1.38986786040312,0.498052675793155
"Cell665",-7.5551968034839,13.6282560420728
"Cell666",-7.80809120503419,13.2309228969312
"Cell667",1.37114389571196,-17.4094350742603
"Cell668",1.17721732291228,0.211609084675296
"Cell669",-4.77775959340089,-15.3841836857104
"Cell670",5.55185647639281,13.4167701793408
"Cell671",-4.44189695683473,-16.0370824741626
"Cell672",0.230406183328691,-2.49536875956298
"Cell673",-4.0785270151233,-15.8145940708423
"Cell674",20.4500569883252,5.18808718449829
"Cell676",0.336080450143877,-0.926529328753964
"Cell677",12.1408490720654,-3.10684804194214
"Cell678",1.09125884207732,1.13002251512764
"Cell679",5.40894313487059,13.8788292003369
"Cell680",20.723319012251,5.05486984975098
"Cell681",1.36392791899687,-3.53349093668701
"Cell682",1.59429093035704,-17.0926835941577
"Cell683",-4.52406076756471,-15.8146531986499
"Cell684",5.56488509806639,13.3463623119092
"Cell685",20.8943452421094,4.90686960942505
"Cell686",-21.4865351137256,3.9465305400586
"Cell687",-4.07437567082399,-16.0527322696948
"Cell688",5.26233049067504,4.0224935603833
"Cell689",11.654034573164,1.67213900811432
"Cell690",5.77812143000609,4.24080034024475
"Cell691",1.78930469187743,-17.8769205021167
"Cell692",0.933133024301592,0.234872658321842
"Cell693",-21.7326765474414,4.22299905545472
"Cell694",2.15069766673094,-2.69559458964111
"Cell696",-7.63890365925783,13.3888284755444
"Cell697",-16.4433794435596,-0.0808117198252835
"Cell698",-0.0220511317735283,-0.828372399737851
"Cell699",11.9451388898755,-3.42413548701049
"Cell700",-21.8987837251758,3.75587316281556
"Cell701",1.18017776640898,1.15808625943421
"Cell702",-16.0855341371631,0.432126123974308
"Cell703",1.45301516684538,-17.1514718937183
"Cell704",1.64790614279753,-17.1836908268237
"Cell705",1.05755491885192,2.66843064553498
"Cell706",5.19143100413329,4.17492767102478
"Cell707",5.44391580256468,4.13990302808045
"Cell708",-21.9530783113574,3.61567445523499
"Cell709",11.9534253660107,-3.19249657862426
"Cell710",-21.7482748445606,3.81280227429627
"Cell711",12.053749996748,-3.44411067240478
"Cell712",-21.5295114931201,3.56486960179566
"Cell713",5.85730167063719,4.07634754903077
"Cell714",2.46462507876402,-3.51013974421264
"Cell715",1.64014502200133,-17.0027006077075
"Cell716",12.6881112638379,-3.32199982874633
"Cell717",-0.0795301314925521,-0.426780621936337
"Cell718",1.72055836352355,-3.43983439677002
"Cell719",12.2502393308545,1.52337219245194
"Cell720",1.30078013571745,3.0749063087201
"Cell721",11.9706840101147,-3.51285151713134
"Cell722",-4.32949594822877,-16.3369977878833
"Cell723",0.745737749662462,1.13475086219071
"Cell724",-4.06345800724977,-15.9096334385181
"Cell725",5.85616679820067,3.63032241589783
"Cell726",-4.34589437809938,-15.7329957889819
"Cell727",-0.298553120765623,-3.22690228693725
"Cell728",1.45291419657713,-2.94946173899414
"Cell729",0.398686486806932,-0.83082715742828
"Cell730",1.25639017256743,0.380273420879825
"Cell731",5.6145972791577,13.4620544505811
"Cell732",0.023111130621496,-1.05493335001709
"Cell733",0.0206162515545518,-0.919844071795956
"Cell734",0.0651070359612138,-2.98397711985351
"Cell735",-21.7311888155078,4.09923763997315
"Cell736",-7.79074053135866,-1.89233545534851
"Cell737",-7.76834396687501,13.3185493541455
"Cell738",-0.1380790513491,-3.43165616266967
"Cell739",1.16983338030821,1.19944863445519
"Cell740",0.833220380868974,1.0548079801297
"Cell741",-4.45684341755861,-15.7196081089282
"Cell742",21.1666020933057,5.80986471898316
"Cell743",1.87276502284056,-17.8057401584888
"Cell744",-16.7840700563526,0.0237814379429661
"Cell745",1.74964006575591,-3.35389498942138
"Cell746",-0.0921170380448668,-0.594803969790951
"Cell747",0.690128225412431,-2.86959890597107
"Cell748",21.0241880002881,5.46971388585327
"Cell749",20.9902753415967,5.3096725536084
"Cell750",1.99940343531615,-3.14214185946228
"Cell751",11.5132855955029,2.08349700696228
"Cell752",-4.38295082417482,-16.0948522495532
"Cell753",5.48113866480834,14.0294363094067
"Cell754",0.572310346689287,-2.99649862520935
"Cell755",2.05035730036742,-3.43515328638794
"Cell756",-21.9167585786914,3.51729484326599
"Cell757",12.1508769575024,1.71539803273438
"Cell758",-8.27127079335206,-1.42050246470215
"Cell759",-16.0266189989185,0.369618196556552
"Cell760",20.9049672666455,5.3743869853711
"Cell761",20.3693246427441,5.31975336796997
"Cell762",2.31976171168334,-17.4140108036304
"Cell763",5.18174119624144,3.94109245068787
"Cell764",1.7222518506909,-17.4518812107349
"Cell765",-4.66118625966066,-16.3219106601978
"Cell766",21.0173310819531,5.66260691411255
"Cell767",-16.0654440340137,-0.657766740252987
"Cell768",-7.71888546315187,-1.27039102785827
"Cell769",-8.20590023365968,-1.72491363756897
"Cell770",-7.43698505726808,-1.57955245249511
"Cell771",-7.29110245076173,13.6861860347485
"Cell772",-4.66973547307008,-16.1195695804858
"Cell773",0.90709270867354,0.222367246220096
"Cell774",5.82471938761717,13.8338758540845
"Cell775",0.287164795723024,-3.26224068873169
"Cell776",20.4794778409863,5.13222475774048
"Cell777",0.203280943956438,-0.808126490046994
"Cell778",1.75198360117919,-17.0710027622485
"Cell779",-0.399927955541548,-2.43831519358398
"Cell780",1.91798623236662,-17.7522371219897
"Cell781",2.15492983492858,-3.40583686106445
"Cell783",5.97087855967528,4.05486150510071
"Cell784",-4.13887838688844,-15.930105011394
"Cell785",12.475344616499,1.63691027886628
"Cell786",6.06855912837035,4.22235174901245
"Cell787",-7.71004728642457,-1.37120584719421
"Cell788",21.0430135312939,5.23728152043579
"Cell789",-8.31339935627931,-1.1287880348468
"Cell790",1.52146144541747,-17.2455156254077
"Cell792",-0.00396380988114763,-1.36947898142578
"Cell793",12.2680062833691,1.42160310275315
"Cell794",11.9866075101758,-3.0176070141101
"Cell795",11.6459712568188,1.2851167214608
"Cell797",-7.34278539982789,13.0000984264111
"Cell798",5.52337403925902,3.87882705456971
"Cell799",1.73213096293456,-16.8871343540454
"Cell800",1.85490854414946,-3.73159722559692
"Cell801",21.2951936307812,5.25738306767701
"Cell802",-21.3906088289356,4.35673518903015
"Cell803",1.41545506152159,0.777414983654603
"Cell804",-0.211518686685499,-2.7742147850299
"Cell805",1.96239109667784,-17.0794504093433
"Cell806",1.41302915247923,-17.762063782146
"Cell807",0.775249380197588,-1.16541568510772
"Cell808",-21.7320528444385,4.22702093846558
"Cell809",5.29923911723143,13.4139940334058
"Cell810",-0.355319869193968,-2.73255876772644
"Cell811",0.724188584413591,2.92427917248963
"Cell812",-0.0982114900385707,-0.712484280993954
"Cell813",-4.63940290776246,-15.5189283298755
"Cell814",1.35749180945403,-17.1170614170337
"Cell815",0.0448398921156557,-1.38186053507568
"Cell816",2.08319540652281,-3.53641347162964
"Cell817",-16.5405664857959,-0.460075538089291
"Cell818",20.6897821012402,5.12496586568116
"Cell819",-16.3829431947803,-0.213161032130734
"Cell820",-6.87352136937135,13.3058473659253
"Cell821",-21.9896879610156,3.77860327489136
"Cell822",11.660198170271,1.36682410962342
"Cell823",-21.2131510194873,3.74515004880188
"Cell824",1.77588577898985,-17.2335870670581
"Cell825",0.229535121049944,-3.00189952128173
"Cell826",1.29192157420165,0.0927302432751499
"Cell827",-21.8310041841602,3.81985326535462
"Cell828",5.08607907923705,13.7285816264844
"Cell829",-16.3055277284717,0.540024418899997
"Cell830",-7.26693300572389,13.1765081477856
"Cell831",-4.69186977711671,-15.5784013675952
"Cell832",-16.4268637117481,-0.433062713077084
"Cell833",1.47855706843382,-3.53092173807861
"Cell834",0.617924291219774,0.889621202418789
"Cell835",1.04892988833434,1.22381256944893
"Cell836",0.458375054922167,0.127486665317997
"Cell838",-21.3605375703906,4.26049085385559
"Cell839",-0.313548487100539,-2.96693996660949
"Cell840",11.9889010969067,-3.20252255671264
"Cell841",1.1044539991284,0.274581749508365
"Cell842",-15.8489361223316,-0.0554507183337368
"Cell843",12.3073720518017,-3.15195183031799
"Cell844",5.98208518656737,3.91691442258118
"Cell845",-0.367402833375868,-3.40093735926391
"Cell846",-7.86599401799196,13.3015291286206
"Cell847",-0.167209703895983,-2.42047909968139
"Cell848",0.837749976244035,0.603871930906757
"Cell849",-16.1418352541065,-0.144551734855191
"Cell850",5.14501519831664,13.4657718730664
"Cell851",20.6677598539258,5.60216065175293
"Cell852",-8.16337780323976,-1.02277473681213
"Cell853",-7.10982422200197,13.5499059749341
"Cell854",1.39409359129912,-17.5298021244311
"Cell855",-7.27505354252809,13.419655044148
"Cell856",-8.49867061940187,-1.30516223185302
"Cell857",12.3192185941601,1.67286278731583
"Cell858",20.9207276883984,5.34347553975342
"Cell859",5.96360393198973,13.6713831020093
"Cell860",-22.1138678011035,3.8122462821698
"Cell861",0.824805814352098,3.11801667935608
"Cell862",20.8081636014844,5.22433348424195
"Cell863",-0.296944123182234,-3.01431850664856
"Cell864",-8.25405792561525,-1.1457512783313
"Cell865",-16.1788340028858,-0.491938273837582
"Cell866",-16.4437036928272,0.152294058868869
"Cell867",-7.4121361192798,13.7677375865674
"Cell868",-15.9651832994556,-0.186323563983456
"Cell869",20.8732595029736,5.44641609914063
"Cell870",-8.40290836659425,-0.748394529750363
"Cell871",1.60821755560881,-17.652517120769
"Cell872",-7.43919901219362,13.3510629726148
"Cell873",5.05748458537108,13.5075399471021
"Cell874",-4.25600485173219,-16.0059717106128
"Cell875",5.64501615199095,14.1503336024976
"Cell876",1.54869540366179,-3.71913985483886
"Cell877",11.9694251600171,1.68949915892838
"Cell878",12.4630994382764,-3.41306571238281
"Cell879",-7.67292694416994,-1.70179919474365
"Cell880",20.6027745786572,5.12310524708985
"Cell882",-16.2777185854053,-0.138417463233487
"Cell883",5.65895600947386,3.70189877278565
"Cell884",1.35010440978057,0.657377470800861
"Cell885",1.83861823710448,-4.1405923771167
"Cell886",0.550246197309557,2.89332743413208
"Cell887",-7.73440126744264,-1.88832644694091
"Cell888",11.7531871381665,-3.2182815479541
"Cell889",1.53457208308226,0.622460935780986
"Cell891",-4.21570495930665,-16.1024358677173
"Cell892",1.16029329928404,3.12936206586121
"Cell893",-21.7933359560108,4.03566785580872
"Cell894",-7.62994055119508,13.6259347987866
"Cell895",-0.508706879291472,-3.31185988657715
"Cell896",20.9971818509961,5.30866642720459
"Cell897",-0.150960740122732,-3.22067145579101
"Cell898",-8.34767059651369,-1.19165019266845
"Cell899",12.7560805860425,-3.52750758402588
"Cell900",2.29027147921568,-3.29725102656128
"Cell901",2.17530127200133,-3.14472989313842
"Cell902",21.0422467771435,5.04135151631592
"Cell903",6.01306195887572,3.70121975667237
"Cell904",-21.5202894624805,4.21931119687317
"Cell905",-4.5515838083362,-15.4777505802417
"Cell906",2.19061012896544,-17.6217210697436
"Cell907",0.536924678411546,0.896904554734214
"Cell908",5.90027423533446,4.35518356091736
"Cell909",12.1895923200513,-3.41229132883789
"Cell910",-4.74364570942872,-15.9775293278003
"Cell911",20.7202272001172,4.86588545567749
"Cell912",11.7716540876294,1.7959442330098
"Cell913",5.71021505030638,3.69668026692627
"Cell914",-0.608494919214186,-2.58538035624267
"Cell915",5.53627439173705,13.7683164668774
"Cell917",-6.92519859639162,13.4028827739453
"Cell918",-8.1962051805591,-1.46596864931823
"Cell919",12.4457063260937,-3.66030530207397
"Cell920",-16.3016863283252,0.128995676109775
"Cell921",-21.6961298402881,3.99729104764222
"Cell922",12.6353215757275,-3.30147580378296
"Cell923",-7.96027950612062,-1.35180739634277
"Cell924",6.08789344462401,3.6997191501355
"Cell925",1.34579427870757,0.416437794039234
"Cell926",-4.79988579121583,-15.5130536960864
"Cell927",-7.2654190477466,13.1002609325147
"Cell928",-0.151372660372195,-2.34452895395996
"Cell929",-4.88315729466432,-15.9462984012866
"Cell930",5.38983626994139,13.6734182430005
"Cell931",-0.0163012691324322,-2.52726940386535
"Cell932",21.3558339658642,5.21143265492676
"Cell933",-0.10483010900372,-3.00660876505615
"Cell934",12.2768849912549,-3.41093186609985
"Cell935",-22.0084448274707,3.58033247716187
"Cell936",20.7565660062695,5.14674206502198
"Cell937",0.951151210393968,2.74834628827332
"Cell938",0.520076710310045,-2.27761153452636
"Cell939",-4.98134569493287,-15.7095678257251
"Cell940",-7.49104694691652,12.9916421962476
"Cell941",-15.9423942979907,-0.0739915179515042
"Cell942",0.83030249508864,2.12494953400849
"Cell943",11.9263696256543,-3.54193572275879
"Cell944",1.15684970053679,0.81413714080511
"Cell945",0.787902015771929,3.22137137181519
"Cell946",1.05208714636809,1.30122141964196
"Cell947",5.54135270747191,14.0727035594678
"Cell948",1.18945689829833,0.433428753683551
"Cell949",12.3849381986523,1.70889981515168
"Cell951",-8.37933735218996,-1.9045391487384
"Cell952",11.6096057477856,2.06263859994171
"Cell953",-7.71231369343751,13.4384576869702
"Cell954",5.78672547968871,4.40773959882019
"Cell955",5.23478885325438,13.5591814113355
"Cell956",21.3424844327832,5.80804367787598
"Cell957",12.0514039579297,-3.2089779781604
"Cell958",0.113515767779413,-1.5803831028247
"Cell959",21.2146939817334,5.03736420399903
"Cell960",0.644920367326799,3.06090231663941
"Cell961",1.92299647959715,-17.8060548710132
"Cell962",0.93964042099959,0.881033193836196
"Cell963",-0.0474773540178059,-2.81648258440735
"Cell964",-0.0682010673468678,-0.226739089419857
"Cell965",-7.89518837300294,-2.01427535288574
"Cell966",-7.45070413914674,13.5160677028394
"Cell967",21.0861653867627,5.52854605443238
"Cell968",-8.25226215687746,-2.08421377413513
"Cell969",20.4835671964551,5.38491554982422
"Cell970",12.5666961255932,-3.11521462671997
"Cell971",0.592138904657427,2.74197502858399
"Cell972",1.01772161158568,1.43035401828049
"Cell973",11.7860440793896,1.75065477616547
"Cell974",2.11003227862364,-4.18851641886474
"Cell975",0.150838110175195,-3.24060944788696
"Cell976",2.14774866732604,-4.02368954890014
"Cell977",-21.6445799287891,3.57431216962097
"Cell978",1.23042925032622,3.01155706174134
"Cell979",2.16544504794127,-4.30275229685547
"Cell980",-20.9927492555713,3.6408927036023
"Cell981",21.0978650632764,5.67784090764283
"Cell982",12.5838355604077,-3.52949885599853
"Cell983",-8.26163200703615,-1.04316906206848
"Cell984",0.0281493696833284,-1.1950653003955
"Cell985",-4.73673157063478,-15.9619253086352
"Cell986",5.94742150935179,4.31432123906372
"Cell987",5.19509931239134,3.75352378613709
"Cell988",2.51224084528929,-3.60059146158935
"Cell989",2.39858909281737,-3.71492270701172
"Cell990",-8.33809284535402,-1.00166503660919
"Cell991",-4.62533716526979,-15.6002901005054
"Cell992",5.51616950663573,14.0363628459668
"Cell993",5.46515746745116,13.6312744212842
"Cell994",5.74736591013915,3.48297043568848
"Cell995",0.786094683733049,0.241426725456699
"Cell996",5.28540321024901,4.23214169270752
"Cell997",11.5802039686108,2.01760109193085
"Cell998",-4.63487533894533,-15.4730317997241
"Cell999",-0.384396475229201,-0.440839569499508
"Cell1000",-21.3055239137744,4.05225225217102
