,size,numLabels,time,CPUs
0,957,2,265.2632273,1
1,953,4,352.6778182,1
2,953,8,537.333,1
3,959,16,884.9337727,1
4,953,32,1575.790545,1
5,951,64,2936.940455,1
6,1892,2,448.7194545,1
7,1896,4,617.4066364,1
8,1895,8,943.7697273,1
9,1898,16,1593.835773,1
10,1900,32,2852.112955,1
11,1902,64,5377.696773,1
12,2836,2,594.0063636,1
13,2841,4,865.3238636,1
14,2843,8,1371.237864,1
15,2841,16,2320.023455,1
16,2839,32,4168.615091,1
17,2845,64,8094.301727,1
18,3792,2,796.5910455,1
19,3798,4,1140.622955,1
20,3788,8,1819.861182,1
21,3783,16,3092.036864,1
22,3791,32,5525.068182,1
23,3792,64,10516.43514,1
24,4739,2,972.2815,1
25,4742,4,1413.805727,1
26,4744,8,2249.464909,1
27,4744,16,3850.136182,1
28,4746,32,7010.371591,1
29,4740,64,13409.60359,1
30,5697,2,1133.378545,1
31,5687,4,1639.773864,1
32,5690,8,2646.100045,1
33,5682,16,4464.229045,1
34,5691,32,8096.998045,1
35,5691,64,15639.34459,1
36,6653,2,1406.798864,1
37,6643,4,2085.147182,1
38,6648,8,3341.250182,1
39,6645,16,5646.326955,1
40,6640,32,10426.07518,1
41,6643,64,19980.552,1
42,7600,2,1618.884318,1
43,7602,4,2340.030182,1
44,7598,8,3776.341864,1
45,7601,16,6470.029818,1
46,7602,32,11794.15595,1
47,7596,64,22290.60086,1
48,8560,2,1825.346091,1
49,8550,4,2628.500636,1
50,8536,8,4197.588545,1
51,8541,16,7205.139045,1
52,8548,32,13493.82414,1
53,8540,64,26055.18064,1
54,9488,2,2140.474136,1
55,9500,4,3051.646864,1
56,9497,8,4913.496,1
57,9498,16,8494.179682,1
58,9499,32,15778.36673,1
59,9505,64,28210.09732,1
60,957,2,150.30588,2
61,953,4,193.92908,2
62,953,8,282.72564,2
63,959,16,447.28808,2
64,953,32,779.77032,2
65,951,64,1444.14704,2
66,1892,2,238.68324,2
67,1896,4,323.15976,2
68,1895,8,495.96404,2
69,1898,16,840.56772,2
70,1900,32,1495.73796,2
71,1902,64,2754.41964,2
72,2836,2,329.69748,2
73,2841,4,470.8882,2
74,2843,8,735.17108,2
75,2841,16,1237.284,2
76,2839,32,2217.20492,2
77,2845,64,4208.50856,2
78,3792,2,431.88376,2
79,3798,4,614.18252,2
80,3788,8,965.0328,2
81,3783,16,1647.68616,2
82,3791,32,2978.32724,2
83,3792,64,5642.42412,2
84,4739,2,535.2556,2
85,4742,4,766.09196,2
86,4744,8,1206.73688,2
87,4744,16,2044.00152,2
88,4746,32,3619.27644,2
89,4740,64,6876.92984,2
90,5697,2,624.96772,2
91,5687,4,911.9152,2
92,5690,8,1444.30196,2
93,5682,16,2434.99884,2
94,5691,32,4568.5838,2
95,5691,64,8890.257,2
96,6653,2,796.09852,2
97,6643,4,1144.6894,2
98,6648,8,1799.05552,2
99,6645,16,3039.61164,2
100,6640,32,5519.22208,2
101,6643,64,10420.33812,2
102,7600,2,874.12024,2
103,7602,4,1250.7988,2
104,7598,8,1976.7868,2
105,7601,16,3392.38124,2
106,7602,32,6138.76568,2
107,7596,64,11738.35104,2
108,8560,2,1013.86744,2
109,8550,4,1439.79192,2
110,8536,8,2281.82396,2
111,8541,16,3897.46,2
112,8548,32,7135.0982,2
113,8540,64,14395.30768,2
114,9488,2,1153.7732,2
115,9500,4,1656.72988,2
116,9497,8,2624.55872,2
117,9498,16,4380.2058,2
118,9499,32,7985.34448,2
119,9505,64,15155.1482,2
120,957,2,93.2892381,4
121,953,4,111.9421905,4
122,953,8,152.4361905,4
123,959,16,231.0815714,4
124,953,32,389.8934286,4
125,951,64,711.0568095,4
126,1892,2,136.803381,4
127,1896,4,175.597,4
128,1895,8,258.1680476,4
129,1898,16,416.3153333,4
130,1900,32,732.5735238,4
131,1902,64,1367.789,4
132,2836,2,182.6385714,4
133,2841,4,243.3078095,4
134,2843,8,366.7408095,4
135,2841,16,602.291,4
136,2839,32,1065.586667,4
137,2845,64,2020.398619,4
138,3792,2,225.8317143,4
139,3798,4,340.2349048,4
140,3788,8,480.5760476,4
141,3783,16,786.602,4
142,3791,32,1406.559762,4
143,3792,64,2666.170333,4
144,4739,2,271.748619,4
145,4742,4,377.6938095,4
146,4744,8,585.2507143,4
147,4744,16,974.0895238,4
148,4746,32,1746.129952,4
149,4740,64,3341.998,4
150,5697,2,320.7629524,4
151,5687,4,448.109619,4
152,5690,8,696.6837619,4
153,5682,16,1159.814762,4
154,5691,32,2088.540857,4
155,5691,64,3963.923952,4
156,6653,2,371.2246667,4
157,6643,4,523.2382381,4
158,6648,8,823.7112857,4
159,6645,16,1362.364524,4
160,6640,32,2475.393381,4
161,6643,64,4773.694952,4
162,7600,2,433.1151429,4
163,7602,4,609.8519048,4
164,7598,8,957.0722381,4
165,7601,16,1601.343429,4
166,7602,32,2876.421429,4
167,7596,64,5496.665286,4
168,8560,2,484.1732381,4
169,8550,4,676.1106667,4
170,8536,8,1060.437952,4
171,8541,16,1783.625238,4
172,8548,32,3227.983952,4
173,8540,64,6139.522,4
174,9488,2,537.6954286,4
175,9500,4,765.7618095,4
176,9497,8,1200.207952,4
177,9498,16,2027.564762,4
178,9499,32,3664.960857,4
179,9505,64,7113.852619,4
180,957,2,83.13042857,8
181,953,4,92.37333333,8
182,953,8,114.7566667,8
183,959,16,160.7770952,8
184,953,32,256.2953333,8
185,951,64,453.8633333,8
186,1892,2,109.1034286,8
187,1896,4,130.1581905,8
188,1895,8,178.1569524,8
189,1898,16,272.055381,8
190,1900,32,464.4114286,8
191,1902,64,852.636381,8
192,2836,2,133.1064762,8
193,2841,4,170.7145714,8
194,2843,8,244.080619,8
195,2841,16,384.277381,8
196,2839,32,659.0820952,8
197,2845,64,1225.705667,8
198,3792,2,157.7091429,8
199,3798,4,207.9582857,8
200,3788,8,304.0227619,8
201,3783,16,485.6427143,8
202,3791,32,855.8005714,8
203,3792,64,1594.968619,8
204,4739,2,186.2446667,8
205,4742,4,246.3705238,8
206,4744,8,367.0410952,8
207,4744,16,597.2048095,8
208,4746,32,1062.64481,8
209,4740,64,1991.239048,8
210,5697,2,214.5970952,8
211,5687,4,292.1327143,8
212,5690,8,439.8052857,8
213,5682,16,716.1670952,8
214,5691,32,1277.557762,8
215,5691,64,2409.412,8
216,6653,2,251.0804286,8
217,6643,4,337.0734286,8
218,6648,8,511.6192857,8
219,6645,16,841.2006667,8
220,6640,32,1496.863476,8
221,6643,64,2817.486143,8
222,7600,2,276.8496667,8
223,7602,4,376.5214286,8
224,7598,8,572.2884286,8
225,7601,16,950.7235238,8
226,7602,32,1697.747619,8
227,7596,64,3217.879714,8
228,8560,2,308.1448095,8
229,8550,4,422.7099524,8
230,8536,8,647.4329048,8
231,8541,16,1066.624952,8
232,8548,32,1906.444286,8
233,8540,64,3615.324524,8
234,9488,2,341.182381,8
235,9500,4,463.395381,8
236,9497,8,713.1430952,8
237,9498,16,1187.02519,8
238,9499,32,2128.66319,8
239,9505,64,4006.919857,8
240,957,2,69.54038095,16
241,953,4,72.39709524,16
242,953,8,85.00147619,16
243,959,16,108.125619,16
244,953,32,162.4187143,16
245,951,64,277.7585714,16
246,1892,2,83.24285714,16
247,1896,4,90.9542381,16
248,1895,8,117.2818095,16
249,1898,16,167.8097619,16
250,1900,32,276.9312381,16
251,1902,64,496.9858095,16
252,2836,2,95.26814286,16
253,2841,4,113.5711905,16
254,2843,8,153.7354762,16
255,2841,16,230.5729048,16
256,2839,32,391.4317619,16
257,2845,64,715.0454286,16
258,3792,2,110.7794286,16
259,3798,4,134.5231905,16
260,3788,8,191.1007619,16
261,3783,16,292.0247619,16
262,3791,32,508.8002857,16
263,3792,64,936.2022381,16
264,4739,2,125.8888095,16
265,4742,4,159.434,16
266,4744,8,227.7068571,16
267,4744,16,356.5670952,16
268,4746,32,623.4425714,16
269,4740,64,1158.28519,16
270,5697,2,142.6609048,16
271,5687,4,181.4743333,16
272,5690,8,265.3085238,16
273,5682,16,420.0952857,16
274,5691,32,735.7925238,16
275,5691,64,1371.029286,16
276,6653,2,155.7483333,16
277,6643,4,204.9070952,16
278,6648,8,301.2896667,16
279,6645,16,486.240381,16
280,6640,32,849.9720952,16
281,6643,64,1596.284095,16
282,7600,2,173.1544762,16
283,7602,4,229.291619,16
284,7598,8,339.1394286,16
285,7601,16,551.8897143,16
286,7602,32,974.4980952,16
287,7596,64,1814.043952,16
288,8560,2,188.288619,16
289,8550,4,250.2138095,16
290,8536,8,375.0804286,16
291,8541,16,614.0851429,16
292,8548,32,1083.033,16
293,8540,64,2035.846095,16
294,9488,2,206.6846667,16
295,9500,4,277.5622381,16
296,9497,8,414.8600952,16
297,9498,16,682.939619,16
298,9499,32,1203.019667,16
299,9505,64,2241.607905,16
300,957,2,58.92990909,32
301,953,4,61.21622727,32
302,953,8,66.41440909,32
303,959,16,77.71986364,32
304,953,32,106.7113182,32
305,951,64,169.4230455,32
306,1892,2,67.88004545,32
307,1896,4,70.11577273,32
308,1895,8,83.23427273,32
309,1898,16,107.7451818,32
310,1900,32,162.9985,32
311,1902,64,279.1187273,32
312,2836,2,73.23109091,32
313,2841,4,82.68854545,32
314,2843,8,101.6450909,32
315,2841,16,139.4436364,32
316,2839,32,221.5633636,32
317,2845,64,392.5055,32
318,3792,2,81.85454545,32
319,3798,4,94.59386364,32
320,3788,8,120.8729545,32
321,3783,16,171.9834091,32
322,3791,32,280.0870909,32
323,3792,64,504.5105,32
324,4739,2,90.11736364,32
325,4742,4,105.3478636,32
326,4744,8,139.517,32
327,4744,16,204.0660455,32
328,4746,32,340.516,32
329,4740,64,619.3542273,32
330,5697,2,97.64254545,32
331,5687,4,117.2555,32
332,5690,8,158.1610909,32
333,5682,16,235.9283636,32
334,5691,32,398.9343182,32
335,5691,64,733.9342727,32
336,6653,2,104.9268182,32
337,6643,4,128.6039545,32
338,6648,8,176.6012727,32
339,6645,16,269.2721364,32
340,6640,32,458.1492273,32
341,6643,64,846.1136818,32
342,7600,2,114.7712727,32
343,7602,4,141.5550455,32
344,7598,8,195.5088182,32
345,7601,16,302.5723182,32
346,7602,32,517.0235909,32
347,7596,64,956.0852273,32
348,8560,2,122.6325909,32
349,8550,4,152.4551818,32
350,8536,8,213.4638182,32
351,8541,16,333.1710455,32
352,8548,32,576.6372273,32
353,8540,64,1069.697682,32
354,9488,2,135.3947273,32
355,9500,4,164.6830455,32
356,9497,8,233.2028636,32
357,9498,16,365.6814545,32
358,9499,32,636.4961818,32
359,9505,64,1186.051409,32
360,957,2,60.62457895,64
361,953,4,62.04115789,64
362,953,8,67.44678947,64
363,959,16,78.709,64
364,953,32,108.5152105,64
365,951,64,172.77,64
366,1892,2,69.64821053,64
367,1896,4,71.20747368,64
368,1895,8,83.61231579,64
369,1898,16,109.1409474,64
370,1900,32,165.8098947,64
371,1902,64,286.8264211,64
372,2836,2,74.93668421,64
373,2841,4,84.04,64
374,2843,8,103.2480526,64
375,2841,16,141.8918421,64
376,2839,32,225.102,64
377,2845,64,401.6407895,64
378,3792,2,82.78721053,64
379,3798,4,96.58852632,64
380,3788,8,122.5992105,64
381,3783,16,174.8805263,64
382,3791,32,286.4756842,64
383,3792,64,518.0020526,64
384,4739,2,91.57815789,64
385,4742,4,107.9411579,64
386,4744,8,142.0375263,64
387,4744,16,209.1665263,64
388,4746,32,348.309,64
389,4740,64,635.3191579,64
390,5697,2,99.90868421,64
391,5687,4,119.3762632,64
392,5690,8,160.2484737,64
393,5682,16,241.1703158,64
394,5691,32,407.9973158,64
395,5691,64,752.6497368,64
396,6653,2,107.2856842,64
397,6643,4,131.9311053,64
398,6648,8,179.7975789,64
399,6645,16,273.5282632,64
400,6640,32,469.3333684,64
401,6643,64,869.7777368,64
402,7600,2,115.8761579,64
403,7602,4,143.6537368,64
404,7598,8,199.1648947,64
405,7601,16,308.85,64
406,7602,32,530.5257368,64
407,7596,64,984.2163684,64
408,8560,2,123.9698947,64
409,8550,4,155.2098947,64
410,8536,8,218.2300526,64
411,8541,16,341.5505789,64
412,8548,32,591.4682105,64
413,8540,64,1103.228105,64
414,9488,2,136.4813158,64
415,9500,4,168.742,64
416,9497,8,238.1151579,64
417,9498,16,375.3304211,64
418,9499,32,654.5079474,64
419,9505,64,1222.814789,64
420,957,2,58.6804,128
421,953,4,60.4266,128
422,953,8,66.20284,128
423,959,16,77.86,128
424,953,32,107.23872,128
425,951,64,170.19896,128
426,1892,2,68.27452,128
427,1896,4,70.76312,128
428,1895,8,83.22944,128
429,1898,16,108.19468,128
430,1900,32,165.14644,128
431,1902,64,284.45048,128
432,2836,2,73.8108,128
433,2841,4,82.97008,128
434,2843,8,102.54556,128
435,2841,16,141.30464,128
436,2839,32,225.33628,128
437,2845,64,402.6322,128
438,3792,2,82.27324,128
439,3798,4,95.84108,128
440,3788,8,121.90836,128
441,3783,16,174.4384,128
442,3791,32,286.12644,128
443,3792,64,518.03508,128
444,4739,2,91.57396,128
445,4742,4,107.77404,128
446,4744,8,141.1746,128
447,4744,16,207.65324,128
448,4746,32,346.92732,128
449,4740,64,635.8094,128
450,5697,2,99.01568,128
451,5687,4,119.05212,128
452,5690,8,160.5878,128
453,5682,16,240.19936,128
454,5691,32,408.29504,128
455,5691,64,752.1312,128
456,6653,2,107.70244,128
457,6643,4,131.43024,128
458,6648,8,179.7204,128
459,6645,16,273.68852,128
460,6640,32,469.11588,128
461,6643,64,869.03968,128
462,7600,2,116.30508,128
463,7602,4,143.06128,128
464,7598,8,198.09864,128
465,7601,16,307.49704,128
466,7602,32,530.28292,128
467,7596,64,985.0454,128
468,8560,2,123.84532,128
469,8550,4,154.84324,128
470,8536,8,218.23008,128
471,8541,16,340.53328,128
472,8548,32,591.65864,128
473,8540,64,1105.53576,128
474,9488,2,134.96796,128
475,9500,4,167.81972,128
476,9497,8,237.88608,128
477,9498,16,375.49808,128
478,9499,32,654.089,128
479,9505,64,1220.4474,128
480,957,2,59.73991304,160
481,953,4,61.50756522,160
482,953,8,67.38326087,160
483,959,16,78.20756522,160
484,953,32,108.395913,160
485,951,64,171.5717391,160
486,1892,2,68.41143478,160
487,1896,4,71.22295652,160
488,1895,8,84.08591304,160
489,1898,16,108.8843913,160
490,1900,32,166.0216957,160
491,1902,64,284.2024348,160
492,2836,2,73.65073913,160
493,2841,4,83.37947826,160
494,2843,8,103.4124348,160
495,2841,16,141.459087,160
496,2839,32,224.5413478,160
497,2845,64,399.8304348,160
498,3792,2,82.88008696,160
499,3798,4,96.71434783,160
500,3788,8,122.1604348,160
501,3783,16,175.3545652,160
502,3791,32,285.5576522,160
503,3792,64,515.4863913,160
504,4739,2,91.63452174,160
505,4742,4,108.0572174,160
506,4744,8,141.3615217,160
507,4744,16,208.3576087,160
508,4746,32,345.532,160
509,4740,64,631.5376522,160
510,5697,2,100.3553478,160
511,5687,4,118.6299565,160
512,5690,8,160.5395652,160
513,5682,16,240.2763913,160
514,5691,32,405.9335652,160
515,5691,64,747.3211304,160
516,6653,2,108.3277826,160
517,6643,4,131.2165652,160
518,6648,8,179.5754783,160
519,6645,16,273.6897391,160
520,6640,32,467.0637391,160
521,6643,64,864.6413478,160
522,7600,2,116.2660435,160
523,7602,4,144.795,160
524,7598,8,199.1174783,160
525,7601,16,307.5735652,160
526,7602,32,528.1493913,160
527,7596,64,979.4916957,160
528,8560,2,124.5945217,160
529,8550,4,155.3294783,160
530,8536,8,218.4565652,160
531,8541,16,340.2817391,160
532,8548,32,589.5503478,160
533,8540,64,1096.88613,160
534,9488,2,135.1378261,160
535,9500,4,169.172087,160
536,9497,8,238.2603913,160
537,9498,16,374.2122174,160
538,9499,32,649.7782609,160
539,9505,64,1214.968609,160